city,investment,building,handover_date,flat,area_m2,rooms,floor,logy,price_new_zlm2,price_old_zlm2,promo,link,img,date_scraped,total_price_zl,key
warszawa,MOKOTÓW SPORTOWY,E,,E 16,25.722,1 pokój z aneksem,3 piętro,BALKON,,,False,/pl-pl/warszawa/mieszkanie?id=mokotow sportowy_1_3_e_mk_16,/getmedia/abacb61a-2f79-4e75-896d-c0d5cb55094d/MOKOT%c3%93W%20SPORTOWY_1_3_E_MK_16_Rzut%203D_1.jpg?width=276,2026-10-06,,warszawa|MOKOTÓW SPORTOWY|E|E 16
warszawa,OSIEDLE BOKSERSKA 71,E,,E 14,39.722,2 pokoje z aneksem,3 piętro,BALKON,,,False,/pl-pl/warszawa/mieszkanie?id=bokserska 71_2_3_e_mk_14,/getmedia/dee65ab2-5c94-476c-aff6-700b613708c3/BOKSERSKA%2071_2_3_E_MK_14_Rzut%203D_1.jpg?width=276,2026-10-06,,warszawa|OSIEDLE BOKSERSKA 71|E|E 14
wroclaw,WILLE BISKUPIN,S,,S 9,101.662,5 pokoi z aneksem,2 piętro,BALKON,,,False,/pl-pl/wroclaw/mieszkanie?id=wille biskupin_2_1_s_mk_9,/getmedia/75437215-e689-42c2-8a14-279bedd02dd6/WILLE%20BISKUPIN_2_1_S_MK_9_Rzut%203D_1.jpg?width=276,2026-10-07,,wroclaw|WILLE BISKUPIN|S|S 9
warszawa,APARTAMENTY LITERACKA,E,,E 42,39.932,2 pokoje z aneksem,5 piętro,LOGGIA,,,False,/pl-pl/warszawa/mieszkanie?id=apartamenty literacka_2_2_e_mk_42,/getmedia/73729957-e27a-4fa8-ac4f-8e84d82f1e91/APARTAMENTY%20LITERACKA_2_2_E_MK_42_Rzut%203D_1.jpg?width=276,2026-10-07,,warszawa|APARTAMENTY LITERACKA|E|E 42
warszawa,APARTAMENTY RUDNICKIEGO,C,,C 2,35.352,2 pokoje z aneksem,Parter,,,,False,/pl-pl/warszawa/mieszkanie?id=apartamenty rudnickiego_3_1_c_mk_2,/getmedia/fc582674-1459-4fb7-83d2-d516af9aaeb8/[APARTAMENTY%20RUDNICKIEGO_3_1_C_0_2][MK][RZUT][Plan%20mieszkania]_l.jpg?width=276,2026-10-07,,warszawa|APARTAMENTY RUDNICKIEGO|C|C 2
warszawa,APARTAMENTY RUDNICKIEGO,C,,C 3,38.942,2 pokoje z aneksem,Parter,,,,False,/pl-pl/warszawa/mieszkanie?id=apartamenty rudnickiego_3_1_c_mk_3,/getmedia/6cc7969a-f77a-478b-952a-df17617faa18/[APARTAMENTY%20RUDNICKIEGO_3_1_C_0_3][MK][RZUT][Plan%20mieszkania]_l.jpg?width=276,2026-10-07,,warszawa|APARTAMENTY RUDNICKIEGO|C|C 3
warszawa,APARTAMENTY RUDNICKIEGO,C,,C 4,75.502,4 pokoje z aneksem,Parter,,,,False,/pl-pl/warszawa/mieszkanie?id=apartamenty rudnickiego_3_1_c_mk_4,/getmedia/28be8125-a6ae-47d1-8452-42ac85c9f1b6/[APARTAMENTY%20RUDNICKIEGO_3_1_C_0_4][MK][RZUT][Plan%20mieszkania]_l.jpg?width=276,2026-10-07,,warszawa|APARTAMENTY RUDNICKIEGO|C|C 4
warszawa,APARTAMENTY RUDNICKIEGO,C,,C 5,73.322,4 pokoje z aneksem,1 piętro,BALKON,,,False,/pl-pl/warszawa/mieszkanie?id=apartamenty rudnickiego_3_1_c_mk_5,/getmedia/b949594c-b7e2-4e82-87a8-55ffe7949af8/[APARTAMENTY%20RUDNICKIEGO_3_1_C_1_5][MK][RZUT][Plan%20mieszkania]_l.jpg?width=276,2026-10-07,,warszawa|APARTAMENTY RUDNICKIEGO|C|C 5
warszawa,APARTAMENTY RUDNICKIEGO,C,,C 6,52.342,3 pokoje z aneksem,1 piętro,BALKON,,,False,/pl-pl/warszawa/mieszkanie?id=apartamenty rudnickiego_3_1_c_mk_6,/getmedia/9f78fce8-bc29-47c1-bb80-fb08cd8d5842/[APARTAMENTY%20RUDNICKIEGO_3_1_C_1_6][MK][RZUT][Plan%20mieszkania]_l.jpg?width=276,2026-10-07,,warszawa|APARTAMENTY RUDNICKIEGO|C|C 6
warszawa,APARTAMENTY RUDNICKIEGO,C,,C 7,26.532,1 pokój z aneksem,1 piętro,BALKON,,,False,/pl-pl/warszawa/mieszkanie?id=apartamenty rudnickiego_3_1_c_mk_7,/getmedia/93fef5fb-33a9-4b22-97fe-e7496f6de10d/[APARTAMENTY%20RUDNICKIEGO_3_1_C_1_7][MK][RZUT][Plan%20mieszkania]_l.jpg?width=276,2026-10-07,,warszawa|APARTAMENTY RUDNICKIEGO|C|C 7
warszawa,APARTAMENTY RUDNICKIEGO,C,,C 8,26.532,1 pokój z aneksem,1 piętro,BALKON,,,False,/pl-pl/warszawa/mieszkanie?id=apartamenty rudnickiego_3_1_c_mk_8,/getmedia/5868ec78-236d-41f2-8332-59fa23f59158/[APARTAMENTY%20RUDNICKIEGO_3_1_C_1_8][MK][RZUT][Plan%20mieszkania]_l.jpg?width=276,2026-10-07,,warszawa|APARTAMENTY RUDNICKIEGO|C|C 8
warszawa,APARTAMENTY RUDNICKIEGO,C,,C 9,38.792,2 pokoje z aneksem,1 piętro,BALKON,,,False,/pl-pl/warszawa/mieszkanie?id=apartamenty rudnickiego_3_1_c_mk_9,/getmedia/3516d70f-4da3-4908-a5db-f4d76b6dec01/[APARTAMENTY%20RUDNICKIEGO_3_1_C_1_9][MK][RZUT][Plan%20mieszkania]_l.jpg?width=276,2026-10-07,,warszawa|APARTAMENTY RUDNICKIEGO|C|C 9
warszawa,APARTAMENTY RUDNICKIEGO,C,,C 10,75.632,4 pokoje z aneksem,1 piętro,BALKON,,,False,/pl-pl/warszawa/mieszkanie?id=apartamenty rudnickiego_3_1_c_mk_10,/getmedia/73d2bcf9-0dbb-4bca-acf8-50a3373df5bd/[APARTAMENTY%20RUDNICKIEGO_3_1_C_1_10][MK][RZUT][Plan%20mieszkania]_l.jpg?width=276,2026-10-07,,warszawa|APARTAMENTY RUDNICKIEGO|C|C 10
warszawa,APARTAMENTY RUDNICKIEGO,C,,C 11,73.372,4 pokoje z aneksem,2 piętro,BALKON,,,False,/pl-pl/warszawa/mieszkanie?id=apartamenty rudnickiego_3_1_c_mk_11,/getmedia/82678c8c-ea32-40e1-b528-30a5eb38205f/[APARTAMENTY%20RUDNICKIEGO_3_1_C_2_11][MK][RZUT][Plan%20mieszkania]_l.jpg?width=276,2026-10-07,,warszawa|APARTAMENTY RUDNICKIEGO|C|C 11
warszawa,APARTAMENTY RUDNICKIEGO,C,,C 12,52.342,3 pokoje z aneksem,2 piętro,BALKON,,,False,/pl-pl/warszawa/mieszkanie?id=apartamenty rudnickiego_3_1_c_mk_12,/getmedia/83237545-1856-410f-abac-9216a136bd5a/[APARTAMENTY%20RUDNICKIEGO_3_1_C_2_12][MK][RZUT][Plan%20mieszkania]_l.jpg?width=276,2026-10-07,,warszawa|APARTAMENTY RUDNICKIEGO|C|C 12
warszawa,APARTAMENTY RUDNICKIEGO,C,,C 13,26.532,1 pokój z aneksem,2 piętro,BALKON,,,False,/pl-pl/warszawa/mieszkanie?id=apartamenty rudnickiego_3_1_c_mk_13,/getmedia/abda61b6-c824-41cf-a233-5c4381f5a16a/[APARTAMENTY%20RUDNICKIEGO_3_1_C_2_13][MK][RZUT][Plan%20mieszkania]_l.jpg?width=276,2026-10-07,,warszawa|APARTAMENTY RUDNICKIEGO|C|C 13
warszawa,APARTAMENTY RUDNICKIEGO,C,,C 14,26.532,1 pokój z aneksem,2 piętro,BALKON,,,False,/pl-pl/warszawa/mieszkanie?id=apartamenty rudnickiego_3_1_c_mk_14,/getmedia/cad829f3-4f64-4ff0-9a68-22ad14362107/[APARTAMENTY%20RUDNICKIEGO_3_1_C_2_14][MK][RZUT][Plan%20mieszkania]_l.jpg?width=276,2026-10-07,,warszawa|APARTAMENTY RUDNICKIEGO|C|C 14
warszawa,APARTAMENTY RUDNICKIEGO,C,,C 15,38.792,2 pokoje z aneksem,2 piętro,BALKON,,,False,/pl-pl/warszawa/mieszkanie?id=apartamenty rudnickiego_3_1_c_mk_15,/getmedia/25e6129a-4827-4e7e-8e77-da6d9830ce33/[APARTAMENTY%20RUDNICKIEGO_3_1_C_2_15][MK][RZUT][Plan%20mieszkania]_l.jpg?width=276,2026-10-07,,warszawa|APARTAMENTY RUDNICKIEGO|C|C 15
warszawa,APARTAMENTY RUDNICKIEGO,C,,C 16,75.632,4 pokoje z aneksem,2 piętro,BALKON,,,False,/pl-pl/warszawa/mieszkanie?id=apartamenty rudnickiego_3_1_c_mk_16,/getmedia/2426fa49-2d45-43ba-9124-de67b0c2485a/[APARTAMENTY%20RUDNICKIEGO_3_1_C_2_16][MK][RZUT][Plan%20mieszkania]_l.jpg?width=276,2026-10-07,,warszawa|APARTAMENTY RUDNICKIEGO|C|C 16
warszawa,APARTAMENTY RUDNICKIEGO,C,,C 17,73.372,4 pokoje z aneksem,3 piętro,BALKON,,,False,/pl-pl/warszawa/mieszkanie?id=apartamenty rudnickiego_3_1_c_mk_17,/getmedia/4d840429-85c0-4f6f-b244-f71761966d88/[APARTAMENTY%20RUDNICKIEGO_3_1_C_3_17][MK][RZUT][Plan%20mieszkania]_l.jpg?width=276,2026-10-07,,warszawa|APARTAMENTY RUDNICKIEGO|C|C 17
warszawa,APARTAMENTY RUDNICKIEGO,C,,C 18,52.342,3 pokoje z aneksem,3 piętro,BALKON,,,False,/pl-pl/warszawa/mieszkanie?id=apartamenty rudnickiego_3_1_c_mk_18,/getmedia/6f031d7d-80d0-4813-9417-a7b96df3ea64/[APARTAMENTY%20RUDNICKIEGO_3_1_C_3_18][MK][RZUT][Plan%20mieszkania]_l.jpg?width=276,2026-10-07,,warszawa|APARTAMENTY RUDNICKIEGO|C|C 18
warszawa,APARTAMENTY RUDNICKIEGO,C,,C 19,26.532,1 pokój z aneksem,3 piętro,BALKON,,,False,/pl-pl/warszawa/mieszkanie?id=apartamenty rudnickiego_3_1_c_mk_19,/getmedia/a0938168-4564-4fd9-b2b1-044890f3155a/[APARTAMENTY%20RUDNICKIEGO_3_1_C_3_19][MK][RZUT][Plan%20mieszkania]_l.jpg?width=276,2026-10-07,,warszawa|APARTAMENTY RUDNICKIEGO|C|C 19
warszawa,APARTAMENTY RUDNICKIEGO,C,,C 20,26.532,1 pokój z aneksem,3 piętro,BALKON,,,False,/pl-pl/warszawa/mieszkanie?id=apartamenty rudnickiego_3_1_c_mk_20,/getmedia/8207c5cc-425f-4c6f-a77f-282ad2aa7824/[APARTAMENTY%20RUDNICKIEGO_3_1_C_3_20][MK][RZUT][Plan%20mieszkania]_l.jpg?width=276,2026-10-07,,warszawa|APARTAMENTY RUDNICKIEGO|C|C 20
warszawa,APARTAMENTY RUDNICKIEGO,C,,C 21,38.792,2 pokoje z aneksem,3 piętro,BALKON,,,False,/pl-pl/warszawa/mieszkanie?id=apartamenty rudnickiego_3_1_c_mk_21,/getmedia/60b19af1-1011-4051-bfa7-b9e69411f300/[APARTAMENTY%20RUDNICKIEGO_3_1_C_3_21][MK][RZUT][Plan%20mieszkania]_l.jpg?width=276,2026-10-07,,warszawa|APARTAMENTY RUDNICKIEGO|C|C 21
warszawa,APARTAMENTY RUDNICKIEGO,C,,C 22,75.632,4 pokoje z aneksem,3 piętro,BALKON,,,False,/pl-pl/warszawa/mieszkanie?id=apartamenty rudnickiego_3_1_c_mk_22,/getmedia/ea04eb50-81cc-4c6c-b2a4-66079d7be6a9/[APARTAMENTY%20RUDNICKIEGO_3_1_C_3_22][MK][RZUT][Plan%20mieszkania]_l.jpg?width=276,2026-10-07,,warszawa|APARTAMENTY RUDNICKIEGO|C|C 22
warszawa,APARTAMENTY RUDNICKIEGO,C,,C 23,73.372,4 pokoje z aneksem,4 piętro,BALKON,,,False,/pl-pl/warszawa/mieszkanie?id=apartamenty rudnickiego_3_1_c_mk_23,/getmedia/b357c064-4c4f-493d-9d5f-64b4e49cf7ac/[APARTAMENTY%20RUDNICKIEGO_3_1_C_4_23][MK][RZUT][Plan%20mieszkania]_l.jpg?width=276,2026-10-07,,warszawa|APARTAMENTY RUDNICKIEGO|C|C 23
warszawa,APARTAMENTY RUDNICKIEGO,C,,C 25,26.532,1 pokój z aneksem,4 piętro,BALKON,,,False,/pl-pl/warszawa/mieszkanie?id=apartamenty rudnickiego_3_1_c_mk_25,/getmedia/8353b88b-97c6-4378-ae21-c903cba7b515/[APARTAMENTY%20RUDNICKIEGO_3_1_C_4_25][MK][RZUT][Plan%20mieszkania]_l.jpg?width=276,2026-10-07,,warszawa|APARTAMENTY RUDNICKIEGO|C|C 25
warszawa,APARTAMENTY RUDNICKIEGO,C,,C 26,26.532,1 pokój z aneksem,4 piętro,BALKON,,,False,/pl-pl/warszawa/mieszkanie?id=apartamenty rudnickiego_3_1_c_mk_26,/getmedia/ede161cd-74c8-4147-9eb7-b2575a0f2b63/[APARTAMENTY%20RUDNICKIEGO_3_1_C_4_26][MK][RZUT][Plan%20mieszkania]_l.jpg?width=276,2026-10-07,,warszawa|APARTAMENTY RUDNICKIEGO|C|C 26
warszawa,APARTAMENTY RUDNICKIEGO,C,,C 27,38.792,2 pokoje z aneksem,4 piętro,BALKON,,,False,/pl-pl/warszawa/mieszkanie?id=apartamenty rudnickiego_3_1_c_mk_27,/getmedia/006a8558-5eff-4089-9522-c41ce669956a/[APARTAMENTY%20RUDNICKIEGO_3_1_C_4_27][MK][RZUT][Plan%20mieszkania]_l.jpg?width=276,2026-10-07,,warszawa|APARTAMENTY RUDNICKIEGO|C|C 27
warszawa,APARTAMENTY RUDNICKIEGO,C,,C 29,73.372,4 pokoje z aneksem,5 piętro,BALKON,,,False,/pl-pl/warszawa/mieszkanie?id=apartamenty rudnickiego_3_1_c_mk_29,/getmedia/9189a07c-bc90-419b-aac9-483653588f90/[APARTAMENTY%20RUDNICKIEGO_3_1_C_5_29][MK][RZUT][Plan%20mieszkania]_l.jpg?width=276,2026-10-07,,warszawa|APARTAMENTY RUDNICKIEGO|C|C 29
warszawa,APARTAMENTY RUDNICKIEGO,C,,C 30,52.342,3 pokoje z aneksem,5 piętro,BALKON,,,False,/pl-pl/warszawa/mieszkanie?id=apartamenty rudnickiego_3_1_c_mk_30,/getmedia/b193e707-3980-4ef6-89b5-37c1e43ef0df/[APARTAMENTY%20RUDNICKIEGO_3_1_C_5_30][MK][RZUT][Plan%20mieszkania]_l.jpg?width=276,2026-10-07,,warszawa|APARTAMENTY RUDNICKIEGO|C|C 30
warszawa,APARTAMENTY RUDNICKIEGO,C,,C 31,26.502,1 pokój z aneksem,5 piętro,BALKON,,,False,/pl-pl/warszawa/mieszkanie?id=apartamenty rudnickiego_3_1_c_mk_31,/getmedia/6b6f1e69-e954-47e9-a7ff-3d7656750bac/[APARTAMENTY%20RUDNICKIEGO_3_1_C_5_31][MK][RZUT][Plan%20mieszkania]_l.jpg?width=276,2026-10-07,,warszawa|APARTAMENTY RUDNICKIEGO|C|C 31
warszawa,APARTAMENTY RUDNICKIEGO,C,,C 32,26.502,1 pokój z aneksem,5 piętro,BALKON,,,False,/pl-pl/warszawa/mieszkanie?id=apartamenty rudnickiego_3_1_c_mk_32,/getmedia/d1c85ff7-0fb7-4deb-b2cf-d2fa17efd3e8/[APARTAMENTY%20RUDNICKIEGO_3_1_C_5_32][MK][RZUT][Plan%20mieszkania]_l.jpg?width=276,2026-10-07,,warszawa|APARTAMENTY RUDNICKIEGO|C|C 32
warszawa,APARTAMENTY RUDNICKIEGO,C,,C 33,38.792,2 pokoje z aneksem,5 piętro,BALKON,,,False,/pl-pl/warszawa/mieszkanie?id=apartamenty rudnickiego_3_1_c_mk_33,/getmedia/79569f54-de76-4727-8e4d-4b7fdde756a9/[APARTAMENTY%20RUDNICKIEGO_3_1_C_5_33][MK][RZUT][Plan%20mieszkania]_l.jpg?width=276,2026-10-07,,warszawa|APARTAMENTY RUDNICKIEGO|C|C 33
warszawa,APARTAMENTY RUDNICKIEGO,C,,C 34,75.582,4 pokoje z aneksem,5 piętro,BALKON,,,False,/pl-pl/warszawa/mieszkanie?id=apartamenty rudnickiego_3_1_c_mk_34,/getmedia/457d98ef-19da-4384-a4a3-e12fd7d3fbd4/[APARTAMENTY%20RUDNICKIEGO_3_1_C_5_34][MK][RZUT][Plan%20mieszkania]_l.jpg?width=276,2026-10-07,,warszawa|APARTAMENTY RUDNICKIEGO|C|C 34
warszawa,APARTAMENTY RUDNICKIEGO,C,,C 35,57.472,3 pokoje z aneksem,Parter,,,,False,/pl-pl/warszawa/mieszkanie?id=apartamenty rudnickiego_3_1_c_mk_35,/getmedia/3edeb4da-d920-456e-9387-9fee4a8a367d/[APARTAMENTY%20RUDNICKIEGO_3_1_C_0_35][MK][RZUT][Plan%20mieszkania]_l.jpg?width=276,2026-10-07,,warszawa|APARTAMENTY RUDNICKIEGO|C|C 35
warszawa,APARTAMENTY RUDNICKIEGO,C,,C 36,57.092,3 pokoje z aneksem,Parter,,,,False,/pl-pl/warszawa/mieszkanie?id=apartamenty rudnickiego_3_1_c_mk_36,/getmedia/c6610090-23f4-4fc1-a46d-69abc3521e00/[APARTAMENTY%20RUDNICKIEGO_3_1_C_0_36][MK][RZUT][Plan%20mieszkania]_l.jpg?width=276,2026-10-07,,warszawa|APARTAMENTY RUDNICKIEGO|C|C 36
warszawa,APARTAMENTY RUDNICKIEGO,C,,C 37,38.902,2 pokoje z aneksem,Parter,,,,False,/pl-pl/warszawa/mieszkanie?id=apartamenty rudnickiego_3_1_c_mk_37,/getmedia/94bde484-bad1-48bf-b662-6e5faff48fc0/[APARTAMENTY%20RUDNICKIEGO_3_1_C_0_37][MK][RZUT][Plan%20mieszkania]_l.jpg?width=276,2026-10-07,,warszawa|APARTAMENTY RUDNICKIEGO|C|C 37
warszawa,APARTAMENTY RUDNICKIEGO,C,,C 38,38.702,2 pokoje z aneksem,Parter,,,,False,/pl-pl/warszawa/mieszkanie?id=apartamenty rudnickiego_3_1_c_mk_38,/getmedia/99494170-e5a4-433b-9af2-fd382ab63442/[APARTAMENTY%20RUDNICKIEGO_3_1_C_0_38][MK][RZUT][Plan%20mieszkania]_l.jpg?width=276,2026-10-07,,warszawa|APARTAMENTY RUDNICKIEGO|C|C 38
warszawa,APARTAMENTY RUDNICKIEGO,C,,C 39,66.552,4 pokoje z aneksem,Parter,,,,False,/pl-pl/warszawa/mieszkanie?id=apartamenty rudnickiego_3_1_c_mk_39,/getmedia/31a50c63-e209-4694-8047-0956d6d370f6/[APARTAMENTY%20RUDNICKIEGO_3_1_C_0_39][MK][RZUT][Plan%20mieszkania]_l.jpg?width=276,2026-10-07,,warszawa|APARTAMENTY RUDNICKIEGO|C|C 39
warszawa,APARTAMENTY RUDNICKIEGO,C,,C 40,57.502,3 pokoje z aneksem,1 piętro,BALKON,,,False,/pl-pl/warszawa/mieszkanie?id=apartamenty rudnickiego_3_1_c_mk_40,/getmedia/3889b8f6-d8cd-4a33-8368-1fcf74ee0024/[APARTAMENTY%20RUDNICKIEGO_3_1_C_1_40][MK][RZUT][Plan%20mieszkania]_l.jpg?width=276,2026-10-07,,warszawa|APARTAMENTY RUDNICKIEGO|C|C 40
warszawa,APARTAMENTY RUDNICKIEGO,C,,C 41,38.642,2 pokoje z aneksem,1 piętro,BALKON,,,False,/pl-pl/warszawa/mieszkanie?id=apartamenty rudnickiego_3_1_c_mk_41,/getmedia/78d8d92d-99e9-4368-a355-6393cb5d271d/[APARTAMENTY%20RUDNICKIEGO_3_1_C_1_41][MK][RZUT][Plan%20mieszkania]_l.jpg?width=276,2026-10-07,,warszawa|APARTAMENTY RUDNICKIEGO|C|C 41
warszawa,APARTAMENTY RUDNICKIEGO,C,,C 42,39.022,2 pokoje z aneksem,1 piętro,BALKON,,,False,/pl-pl/warszawa/mieszkanie?id=apartamenty rudnickiego_3_1_c_mk_42,/getmedia/dce27737-92af-4cb9-a46f-c50d11e1d555/[APARTAMENTY%20RUDNICKIEGO_3_1_C_1_42][MK][RZUT][Plan%20mieszkania]_l.jpg?width=276,2026-10-07,,warszawa|APARTAMENTY RUDNICKIEGO|C|C 42
warszawa,APARTAMENTY RUDNICKIEGO,C,,C 43,38.862,2 pokoje z aneksem,1 piętro,BALKON,,,False,/pl-pl/warszawa/mieszkanie?id=apartamenty rudnickiego_3_1_c_mk_43,/getmedia/175324a5-ee34-4309-b033-c2e6d6fd3c1d/[APARTAMENTY%20RUDNICKIEGO_3_1_C_1_43][MK][RZUT][Plan%20mieszkania]_l.jpg?width=276,2026-10-07,,warszawa|APARTAMENTY RUDNICKIEGO|C|C 43
warszawa,APARTAMENTY RUDNICKIEGO,C,,C 44,38.712,2 pokoje z aneksem,1 piętro,BALKON,,,False,/pl-pl/warszawa/mieszkanie?id=apartamenty rudnickiego_3_1_c_mk_44,/getmedia/4aba01dd-a359-4e35-aa49-ffd426a8ef59/[APARTAMENTY%20RUDNICKIEGO_3_1_C_1_44][MK][RZUT][Plan%20mieszkania]_l.jpg?width=276,2026-10-07,,warszawa|APARTAMENTY RUDNICKIEGO|C|C 44
warszawa,APARTAMENTY RUDNICKIEGO,C,,C 46,57.932,3 pokoje z aneksem,2 piętro,BALKON,,,False,/pl-pl/warszawa/mieszkanie?id=apartamenty rudnickiego_3_1_c_mk_46,/getmedia/22ddfc2e-ab7f-4617-9ea5-760666fb1e5f/[APARTAMENTY%20RUDNICKIEGO_3_1_C_2_46][MK][RZUT][Plan%20mieszkania]_l.jpg?width=276,2026-10-07,,warszawa|APARTAMENTY RUDNICKIEGO|C|C 46
warszawa,APARTAMENTY RUDNICKIEGO,C,,C 47,39.152,2 pokoje z aneksem,2 piętro,BALKON,,,False,/pl-pl/warszawa/mieszkanie?id=apartamenty rudnickiego_3_1_c_mk_47,/getmedia/8b1c98d6-83a5-4deb-bb49-0f205b6c2d0a/[APARTAMENTY%20RUDNICKIEGO_3_1_C_2_47][MK][RZUT][Plan%20mieszkania]_l.jpg?width=276,2026-10-07,,warszawa|APARTAMENTY RUDNICKIEGO|C|C 47
warszawa,APARTAMENTY RUDNICKIEGO,C,,C 48,39.362,2 pokoje z aneksem,2 piętro,BALKON,,,False,/pl-pl/warszawa/mieszkanie?id=apartamenty rudnickiego_3_1_c_mk_48,/getmedia/0fc9b7e3-64f3-4291-8cc6-aeb1183ee353/[APARTAMENTY%20RUDNICKIEGO_3_1_C_2_48][MK][RZUT][Plan%20mieszkania]_l.jpg?width=276,2026-10-07,,warszawa|APARTAMENTY RUDNICKIEGO|C|C 48
warszawa,APARTAMENTY RUDNICKIEGO,C,,C 49,38.862,2 pokoje z aneksem,2 piętro,BALKON,,,False,/pl-pl/warszawa/mieszkanie?id=apartamenty rudnickiego_3_1_c_mk_49,/getmedia/4c51422e-d51e-4b95-a80f-a6909f2db073/[APARTAMENTY%20RUDNICKIEGO_3_1_C_2_49][MK][RZUT][Plan%20mieszkania]_l.jpg?width=276,2026-10-07,,warszawa|APARTAMENTY RUDNICKIEGO|C|C 49
warszawa,APARTAMENTY RUDNICKIEGO,C,,C 50,38.712,2 pokoje z aneksem,2 piętro,BALKON,,,False,/pl-pl/warszawa/mieszkanie?id=apartamenty rudnickiego_3_1_c_mk_50,/getmedia/4f43de96-aac3-45dd-98e2-b5ac4d87cfdf/[APARTAMENTY%20RUDNICKIEGO_3_1_C_2_50][MK][RZUT][Plan%20mieszkania]_l.jpg?width=276,2026-10-07,,warszawa|APARTAMENTY RUDNICKIEGO|C|C 50
warszawa,APARTAMENTY RUDNICKIEGO,C,,C 53,39.152,2 pokoje z aneksem,3 piętro,BALKON,,,False,/pl-pl/warszawa/mieszkanie?id=apartamenty rudnickiego_3_1_c_mk_53,/getmedia/1aba8224-1490-43e4-8971-cd4279532d7b/[APARTAMENTY%20RUDNICKIEGO_3_1_C_3_53][MK][RZUT][Plan%20mieszkania]_l.jpg?width=276,2026-10-07,,warszawa|APARTAMENTY RUDNICKIEGO|C|C 53
warszawa,APARTAMENTY RUDNICKIEGO,C,,C 54,39.362,2 pokoje z aneksem,3 piętro,BALKON,,,False,/pl-pl/warszawa/mieszkanie?id=apartamenty rudnickiego_3_1_c_mk_54,/getmedia/ff988a0f-b4a6-4c3e-bdff-dd6117b577ac/[APARTAMENTY%20RUDNICKIEGO_3_1_C_3_54][MK][RZUT][Plan%20mieszkania]_l.jpg?width=276,2026-10-07,,warszawa|APARTAMENTY RUDNICKIEGO|C|C 54
warszawa,APARTAMENTY RUDNICKIEGO,C,,C 55,38.862,2 pokoje z aneksem,3 piętro,BALKON,,,False,/pl-pl/warszawa/mieszkanie?id=apartamenty rudnickiego_3_1_c_mk_55,/getmedia/181a6175-e545-433a-ba12-2df7f917cdfd/[APARTAMENTY%20RUDNICKIEGO_3_1_C_3_55][MK][RZUT][Plan%20mieszkania]_l.jpg?width=276,2026-10-07,,warszawa|APARTAMENTY RUDNICKIEGO|C|C 55
warszawa,APARTAMENTY RUDNICKIEGO,C,,C 56,38.712,2 pokoje z aneksem,3 piętro,BALKON,,,False,/pl-pl/warszawa/mieszkanie?id=apartamenty rudnickiego_3_1_c_mk_56,/getmedia/bd5a8e1e-ac58-4df6-8658-46b08da941d5/[APARTAMENTY%20RUDNICKIEGO_3_1_C_3_56][MK][RZUT][Plan%20mieszkania]_l.jpg?width=276,2026-10-07,,warszawa|APARTAMENTY RUDNICKIEGO|C|C 56
warszawa,APARTAMENTY RUDNICKIEGO,C,,C 57,66.552,4 pokoje z aneksem,3 piętro,BALKON,,,False,/pl-pl/warszawa/mieszkanie?id=apartamenty rudnickiego_3_1_c_mk_57,/getmedia/b0d7a6d7-c00a-437f-b094-1a197463b67f/[APARTAMENTY%20RUDNICKIEGO_3_1_C_3_57][MK][RZUT][Plan%20mieszkania]_l.jpg?width=276,2026-10-07,,warszawa|APARTAMENTY RUDNICKIEGO|C|C 57
warszawa,APARTAMENTY RUDNICKIEGO,C,,C 58,57.932,3 pokoje z aneksem,4 piętro,BALKON,,,False,/pl-pl/warszawa/mieszkanie?id=apartamenty rudnickiego_3_1_c_mk_58,/getmedia/9182207c-6f11-4144-b277-b2391d059d3a/[APARTAMENTY%20RUDNICKIEGO_3_1_C_4_58][MK][RZUT][Plan%20mieszkania]_l.jpg?width=276,2026-10-07,,warszawa|APARTAMENTY RUDNICKIEGO|C|C 58
warszawa,APARTAMENTY RUDNICKIEGO,C,,C 59,39.152,2 pokoje z aneksem,4 piętro,BALKON,,,False,/pl-pl/warszawa/mieszkanie?id=apartamenty rudnickiego_3_1_c_mk_59,/getmedia/474e212b-5dad-4a78-901f-7205dee689bc/[APARTAMENTY%20RUDNICKIEGO_3_1_C_4_59][MK][RZUT][Plan%20mieszkania]_l.jpg?width=276,2026-10-07,,warszawa|APARTAMENTY RUDNICKIEGO|C|C 59
warszawa,APARTAMENTY RUDNICKIEGO,C,,C 60,39.362,2 pokoje z aneksem,4 piętro,BALKON,,,False,/pl-pl/warszawa/mieszkanie?id=apartamenty rudnickiego_3_1_c_mk_60,/getmedia/09c955c4-72c2-411f-b08d-6ac6098b1e19/[APARTAMENTY%20RUDNICKIEGO_3_1_C_4_60][MK][RZUT][Plan%20mieszkania]_l.jpg?width=276,2026-10-07,,warszawa|APARTAMENTY RUDNICKIEGO|C|C 60
warszawa,APARTAMENTY RUDNICKIEGO,C,,C 61,38.862,2 pokoje z aneksem,4 piętro,BALKON,,,False,/pl-pl/warszawa/mieszkanie?id=apartamenty rudnickiego_3_1_c_mk_61,/getmedia/86d4f067-4a2c-49bb-930c-c26d3c2915a1/[APARTAMENTY%20RUDNICKIEGO_3_1_C_4_61][MK][RZUT][Plan%20mieszkania]_l.jpg?width=276,2026-10-07,,warszawa|APARTAMENTY RUDNICKIEGO|C|C 61
warszawa,APARTAMENTY RUDNICKIEGO,C,,C 62,38.712,2 pokoje z aneksem,4 piętro,BALKON,,,False,/pl-pl/warszawa/mieszkanie?id=apartamenty rudnickiego_3_1_c_mk_62,/getmedia/d372857c-5a7d-434a-9539-69adb63af143/[APARTAMENTY%20RUDNICKIEGO_3_1_C_4_62][MK][RZUT][Plan%20mieszkania]_l.jpg?width=276,2026-10-07,,warszawa|APARTAMENTY RUDNICKIEGO|C|C 62
warszawa,APARTAMENTY RUDNICKIEGO,C,,C 63,66.552,4 pokoje z aneksem,4 piętro,BALKON,,,False,/pl-pl/warszawa/mieszkanie?id=apartamenty rudnickiego_3_1_c_mk_63,/getmedia/42e3ab17-d2ae-43e4-a00c-1b9d001082fd/[APARTAMENTY%20RUDNICKIEGO_3_1_C_4_63][MK][RZUT][Plan%20mieszkania]_l.jpg?width=276,2026-10-07,,warszawa|APARTAMENTY RUDNICKIEGO|C|C 63
warszawa,APARTAMENTY RUDNICKIEGO,C,,C 64,57.932,3 pokoje z aneksem,5 piętro,BALKON,,,False,/pl-pl/warszawa/mieszkanie?id=apartamenty rudnickiego_3_1_c_mk_64,/getmedia/e2ce41b2-3d4a-4c63-b513-54bada1e0e6f/[APARTAMENTY%20RUDNICKIEGO_3_1_C_5_64][MK][RZUT][Plan%20mieszkania]_l.jpg?width=276,2026-10-07,,warszawa|APARTAMENTY RUDNICKIEGO|C|C 64
warszawa,APARTAMENTY RUDNICKIEGO,C,,C 66,39.362,2 pokoje z aneksem,5 piętro,BALKON,,,False,/pl-pl/warszawa/mieszkanie?id=apartamenty rudnickiego_3_1_c_mk_66,/getmedia/3efa5f46-d189-4a34-97cd-c5df63f34c67/[APARTAMENTY%20RUDNICKIEGO_3_1_C_5_66][MK][RZUT][Plan%20mieszkania]_l.jpg?width=276,2026-10-07,,warszawa|APARTAMENTY RUDNICKIEGO|C|C 66
warszawa,APARTAMENTY RUDNICKIEGO,C,,C 67,38.752,2 pokoje z aneksem,5 piętro,BALKON,,,False,/pl-pl/warszawa/mieszkanie?id=apartamenty rudnickiego_3_1_c_mk_67,/getmedia/7b36ecb2-77df-4627-9f44-019ca2bfaac7/[APARTAMENTY%20RUDNICKIEGO_3_1_C_5_67][MK][RZUT][Plan%20mieszkania]_l.jpg?width=276,2026-10-07,,warszawa|APARTAMENTY RUDNICKIEGO|C|C 67
warszawa,APARTAMENTY RUDNICKIEGO,C,,C 68,38.712,2 pokoje z aneksem,5 piętro,BALKON,,,False,/pl-pl/warszawa/mieszkanie?id=apartamenty rudnickiego_3_1_c_mk_68,/getmedia/b312162f-43df-4104-9eb4-16d7971d8fc6/[APARTAMENTY%20RUDNICKIEGO_3_1_C_5_68][MK][RZUT][Plan%20mieszkania]_l.jpg?width=276,2026-10-07,,warszawa|APARTAMENTY RUDNICKIEGO|C|C 68
warszawa,APARTAMENTY RUDNICKIEGO,C,,C 69,66.422,4 pokoje z aneksem,5 piętro,BALKON,,,False,/pl-pl/warszawa/mieszkanie?id=apartamenty rudnickiego_3_1_c_mk_69,/getmedia/30c0c38c-6e66-4802-989b-975e550d35e0/[APARTAMENTY%20RUDNICKIEGO_3_1_C_5_69][MK][RZUT][Plan%20mieszkania]_l.jpg?width=276,2026-10-07,,warszawa|APARTAMENTY RUDNICKIEGO|C|C 69
warszawa,APARTAMENTY RUDNICKIEGO,C,,C 70,91.042,5 pokoi z aneksem,Parter,,,,False,/pl-pl/warszawa/mieszkanie?id=apartamenty rudnickiego_3_1_c_mk_70,/getmedia/4c83fe8f-a242-4ea8-8314-9d85c0fbe800/[APARTAMENTY%20RUDNICKIEGO_3_1_C_0_70][MK][RZUT][Plan%20mieszkania]_l.jpg?width=276,2026-10-07,,warszawa|APARTAMENTY RUDNICKIEGO|C|C 70
warszawa,APARTAMENTY RUDNICKIEGO,C,,C 71,61.502,3 pokoje z aneksem,Parter,,,,False,/pl-pl/warszawa/mieszkanie?id=apartamenty rudnickiego_3_1_c_mk_71,/getmedia/a20d8dff-06be-4021-b8c3-828604afcbaf/[APARTAMENTY%20RUDNICKIEGO_3_1_C_0_71][MK][RZUT][Plan%20mieszkania]_l.jpg?width=276,2026-10-07,,warszawa|APARTAMENTY RUDNICKIEGO|C|C 71
warszawa,APARTAMENTY RUDNICKIEGO,C,,C 72,60.542,4 pokoje z aneksem,Parter,,,,False,/pl-pl/warszawa/mieszkanie?id=apartamenty rudnickiego_3_1_c_mk_72,/getmedia/4965ed56-bb62-4cfa-a09c-67ddf7dea7dc/[APARTAMENTY%20RUDNICKIEGO_3_1_C_0_72][MK][RZUT][Plan%20mieszkania]_l.jpg?width=276,2026-10-07,,warszawa|APARTAMENTY RUDNICKIEGO|C|C 72
warszawa,APARTAMENTY RUDNICKIEGO,C,,C 73,94.012,5 pokoi z aneksem,1 piętro,BALKON,,,False,/pl-pl/warszawa/mieszkanie?id=apartamenty rudnickiego_3_1_c_mk_73,/getmedia/471c1dd9-cc80-46ab-b3aa-87862981ecc0/[APARTAMENTY%20RUDNICKIEGO_3_1_C_1_73][MK][RZUT][Plan%20mieszkania]_l.jpg?width=276,2026-10-07,,warszawa|APARTAMENTY RUDNICKIEGO|C|C 73
warszawa,APARTAMENTY RUDNICKIEGO,C,,C 74,39.812,2 pokoje z aneksem,1 piętro,BALKON,,,False,/pl-pl/warszawa/mieszkanie?id=apartamenty rudnickiego_3_1_c_mk_74,/getmedia/ac7efc57-3238-4e7b-b040-da8aa45bb4e4/[APARTAMENTY%20RUDNICKIEGO_3_1_C_1_74][MK][RZUT][Plan%20mieszkania]_l.jpg?width=276,2026-10-07,,warszawa|APARTAMENTY RUDNICKIEGO|C|C 74
warszawa,APARTAMENTY RUDNICKIEGO,C,,C 75,39.852,2 pokoje z aneksem,1 piętro,BALKON,,,False,/pl-pl/warszawa/mieszkanie?id=apartamenty rudnickiego_3_1_c_mk_75,/getmedia/6e5ac3cc-10ef-43a9-aa61-7aeabea38067/[APARTAMENTY%20RUDNICKIEGO_3_1_C_1_75][MK][RZUT][Plan%20mieszkania]_l.jpg?width=276,2026-10-07,,warszawa|APARTAMENTY RUDNICKIEGO|C|C 75
warszawa,APARTAMENTY RUDNICKIEGO,C,,C 78,39.812,2 pokoje z aneksem,2 piętro,BALKON,,,False,/pl-pl/warszawa/mieszkanie?id=apartamenty rudnickiego_3_1_c_mk_78,/getmedia/198ae834-5d6d-47b9-b468-1521764b354c/[APARTAMENTY%20RUDNICKIEGO_3_1_C_2_78][MK][RZUT][Plan%20mieszkania]_l.jpg?width=276,2026-10-07,,warszawa|APARTAMENTY RUDNICKIEGO|C|C 78
warszawa,APARTAMENTY RUDNICKIEGO,C,,C 79,39.852,2 pokoje z aneksem,2 piętro,BALKON,,,False,/pl-pl/warszawa/mieszkanie?id=apartamenty rudnickiego_3_1_c_mk_79,/getmedia/76fde448-b7ec-44c5-b697-2e13e76dd80e/[APARTAMENTY%20RUDNICKIEGO_3_1_C_2_79][MK][RZUT][Plan%20mieszkania]_l.jpg?width=276,2026-10-07,,warszawa|APARTAMENTY RUDNICKIEGO|C|C 79
warszawa,APARTAMENTY RUDNICKIEGO,C,,C 80,60.862,4 pokoje z aneksem,2 piętro,LOGGIA,,,False,/pl-pl/warszawa/mieszkanie?id=apartamenty rudnickiego_3_1_c_mk_80,/getmedia/0203bb88-ea31-4d3d-95c5-9b8d6b0db1c1/[APARTAMENTY%20RUDNICKIEGO_3_1_C_2_80][MK][RZUT][Plan%20mieszkania]_l.jpg?width=276,2026-10-07,,warszawa|APARTAMENTY RUDNICKIEGO|C|C 80
warszawa,APARTAMENTY RUDNICKIEGO,C,,C 82,39.812,2 pokoje z aneksem,3 piętro,BALKON,,,False,/pl-pl/warszawa/mieszkanie?id=apartamenty rudnickiego_3_1_c_mk_82,/getmedia/3f74db33-0c31-454c-864b-de369a670097/[APARTAMENTY%20RUDNICKIEGO_3_1_C_3_82][MK][RZUT][Plan%20mieszkania]_l.jpg?width=276,2026-10-07,,warszawa|APARTAMENTY RUDNICKIEGO|C|C 82
warszawa,APARTAMENTY RUDNICKIEGO,C,,C 84,60.862,4 pokoje z aneksem,3 piętro,LOGGIA,,,False,/pl-pl/warszawa/mieszkanie?id=apartamenty rudnickiego_3_1_c_mk_84,/getmedia/ca4763df-c55f-4bbc-ae1e-158195ce0f90/[APARTAMENTY%20RUDNICKIEGO_3_1_C_3_84][MK][RZUT][Plan%20mieszkania]_l.jpg?width=276,2026-10-07,,warszawa|APARTAMENTY RUDNICKIEGO|C|C 84
warszawa,APARTAMENTY RUDNICKIEGO,C,,C 86,39.812,2 pokoje z aneksem,4 piętro,BALKON,,,False,/pl-pl/warszawa/mieszkanie?id=apartamenty rudnickiego_3_1_c_mk_86,/getmedia/424988fd-3d18-4639-ae1f-79a774a6fe7e/[APARTAMENTY%20RUDNICKIEGO_3_1_C_4_86][MK][RZUT][Plan%20mieszkania]_l.jpg?width=276,2026-10-07,,warszawa|APARTAMENTY RUDNICKIEGO|C|C 86
warszawa,APARTAMENTY RUDNICKIEGO,C,,C 90,39.742,2 pokoje z aneksem,5 piętro,BALKON,,,False,/pl-pl/warszawa/mieszkanie?id=apartamenty rudnickiego_3_1_c_mk_90,/getmedia/ddc583b1-451b-4884-a419-54add774ec8d/[APARTAMENTY%20RUDNICKIEGO_3_1_C_5_90][MK][RZUT][Plan%20mieszkania]_l.jpg?width=276,2026-10-07,,warszawa|APARTAMENTY RUDNICKIEGO|C|C 90
warszawa,APARTAMENTY RUDNICKIEGO,C,,C 93,46.432,2 pokoje z aneksem,Parter,,,,False,/pl-pl/warszawa/mieszkanie?id=apartamenty rudnickiego_3_1_c_mk_93,/getmedia/c914d98c-2611-4e13-b68f-ecc6e28b6281/[APARTAMENTY%20RUDNICKIEGO_3_1_C_0_93][MK][RZUT][Plan%20mieszkania]_l.jpg?width=276,2026-10-07,,warszawa|APARTAMENTY RUDNICKIEGO|C|C 93
warszawa,APARTAMENTY RUDNICKIEGO,C,,C 94,58.362,3 pokoje z aneksem,Parter,BALKON,,,False,/pl-pl/warszawa/mieszkanie?id=apartamenty rudnickiego_3_1_c_mk_94,/getmedia/40bba710-370a-418f-987a-846c93eafcdf/[APARTAMENTY%20RUDNICKIEGO_3_1_C_0_94][MK][RZUT][Plan%20mieszkania]_l.jpg?width=276,2026-10-07,,warszawa|APARTAMENTY RUDNICKIEGO|C|C 94
warszawa,APARTAMENTY RUDNICKIEGO,C,,C 95,71.102,4 pokoje z aneksem,Parter,BALKON,,,False,/pl-pl/warszawa/mieszkanie?id=apartamenty rudnickiego_3_1_c_mk_95,/getmedia/d412df8d-c925-40a1-9e01-4851871508ba/[APARTAMENTY%20RUDNICKIEGO_3_1_C_0_95][MK][RZUT][Plan%20mieszkania]_l.jpg?width=276,2026-10-07,,warszawa|APARTAMENTY RUDNICKIEGO|C|C 95
warszawa,APARTAMENTY RUDNICKIEGO,C,,C 96,56.092,3 pokoje z aneksem,1 piętro,LOGGIA,,,False,/pl-pl/warszawa/mieszkanie?id=apartamenty rudnickiego_3_1_c_mk_96,/getmedia/95e31c98-22de-4de7-b8e2-6ba6f70d1c9b/[APARTAMENTY%20RUDNICKIEGO_3_1_C_1_96][MK][RZUT][Plan%20mieszkania]_l.jpg?width=276,2026-10-07,,warszawa|APARTAMENTY RUDNICKIEGO|C|C 96
warszawa,APARTAMENTY RUDNICKIEGO,C,,C 97,40.812,2 pokoje z aneksem,1 piętro,LOGGIA,,,False,/pl-pl/warszawa/mieszkanie?id=apartamenty rudnickiego_3_1_c_mk_97,/getmedia/bbe30dd6-b5a4-479c-bc66-ea3955ea9ccf/[APARTAMENTY%20RUDNICKIEGO_3_1_C_1_97][MK][RZUT][Plan%20mieszkania]_l.jpg?width=276,2026-10-07,,warszawa|APARTAMENTY RUDNICKIEGO|C|C 97
warszawa,APARTAMENTY RUDNICKIEGO,C,,C 98,57.112,3 pokoje z aneksem,1 piętro,BALKON,,,False,/pl-pl/warszawa/mieszkanie?id=apartamenty rudnickiego_3_1_c_mk_98,/getmedia/183dccb0-4354-45d3-a29d-c3456183ced4/[APARTAMENTY%20RUDNICKIEGO_3_1_C_1_98][MK][RZUT][Plan%20mieszkania]_l.jpg?width=276,2026-10-07,,warszawa|APARTAMENTY RUDNICKIEGO|C|C 98
warszawa,APARTAMENTY RUDNICKIEGO,C,,C 100,56.092,3 pokoje z aneksem,2 piętro,LOGGIA,,,False,/pl-pl/warszawa/mieszkanie?id=apartamenty rudnickiego_3_1_c_mk_100,/getmedia/3091aad7-6f9f-471c-bbdc-dece40004e04/[APARTAMENTY%20RUDNICKIEGO_3_1_C_2_100][MK][RZUT][Plan%20mieszkania]_l.jpg?width=276,2026-10-07,,warszawa|APARTAMENTY RUDNICKIEGO|C|C 100
warszawa,APARTAMENTY RUDNICKIEGO,C,,C 101,40.812,2 pokoje z aneksem,2 piętro,LOGGIA,,,False,/pl-pl/warszawa/mieszkanie?id=apartamenty rudnickiego_3_1_c_mk_101,/getmedia/c94b2d7b-2d06-434d-97f6-f0a519955fb0/[APARTAMENTY%20RUDNICKIEGO_3_1_C_2_101][MK][RZUT][Plan%20mieszkania]_l.jpg?width=276,2026-10-07,,warszawa|APARTAMENTY RUDNICKIEGO|C|C 101
warszawa,APARTAMENTY RUDNICKIEGO,C,,C 102,57.112,3 pokoje z aneksem,2 piętro,BALKON,,,False,/pl-pl/warszawa/mieszkanie?id=apartamenty rudnickiego_3_1_c_mk_102,/getmedia/7b81818b-a451-4895-8f79-48f27ce9a1c4/[APARTAMENTY%20RUDNICKIEGO_3_1_C_2_102][MK][RZUT][Plan%20mieszkania]_l.jpg?width=276,2026-10-07,,warszawa|APARTAMENTY RUDNICKIEGO|C|C 102
warszawa,APARTAMENTY RUDNICKIEGO,C,,C 104,56.092,3 pokoje z aneksem,3 piętro,LOGGIA,,,False,/pl-pl/warszawa/mieszkanie?id=apartamenty rudnickiego_3_1_c_mk_104,/getmedia/0ed7e5c0-26f7-445c-bdd1-b196dd538131/[APARTAMENTY%20RUDNICKIEGO_3_1_C_3_104][MK][RZUT][Plan%20mieszkania]_l.jpg?width=276,2026-10-07,,warszawa|APARTAMENTY RUDNICKIEGO|C|C 104
warszawa,APARTAMENTY RUDNICKIEGO,C,,C 105,40.812,2 pokoje z aneksem,3 piętro,LOGGIA,,,False,/pl-pl/warszawa/mieszkanie?id=apartamenty rudnickiego_3_1_c_mk_105,/getmedia/ebf1fe79-4f8d-4179-9335-58a1b1ca109e/[APARTAMENTY%20RUDNICKIEGO_3_1_C_3_105][MK][RZUT][Plan%20mieszkania]_l.jpg?width=276,2026-10-07,,warszawa|APARTAMENTY RUDNICKIEGO|C|C 105
warszawa,APARTAMENTY RUDNICKIEGO,C,,C 106,57.112,3 pokoje z aneksem,3 piętro,BALKON,,,False,/pl-pl/warszawa/mieszkanie?id=apartamenty rudnickiego_3_1_c_mk_106,/getmedia/5fc1489e-e443-40ff-9405-c594624198c8/[APARTAMENTY%20RUDNICKIEGO_3_1_C_3_106][MK][RZUT][Plan%20mieszkania]_l.jpg?width=276,2026-10-07,,warszawa|APARTAMENTY RUDNICKIEGO|C|C 106
warszawa,APARTAMENTY RUDNICKIEGO,C,,C 108,56.092,3 pokoje z aneksem,4 piętro,LOGGIA,,,False,/pl-pl/warszawa/mieszkanie?id=apartamenty rudnickiego_3_1_c_mk_108,/getmedia/3b32fe64-ddc0-4574-b491-96e9d3d42dd2/[APARTAMENTY%20RUDNICKIEGO_3_1_C_4_108][MK][RZUT][Plan%20mieszkania]_l.jpg?width=276,2026-10-07,,warszawa|APARTAMENTY RUDNICKIEGO|C|C 108
warszawa,APARTAMENTY RUDNICKIEGO,C,,C 109,40.812,2 pokoje z aneksem,4 piętro,LOGGIA,,,False,/pl-pl/warszawa/mieszkanie?id=apartamenty rudnickiego_3_1_c_mk_109,/getmedia/6b1143d5-4c09-4ab1-9b16-4bcf394805ac/[APARTAMENTY%20RUDNICKIEGO_3_1_C_4_109][MK][RZUT][Plan%20mieszkania]_l.jpg?width=276,2026-10-07,,warszawa|APARTAMENTY RUDNICKIEGO|C|C 109
warszawa,APARTAMENTY RUDNICKIEGO,C,,C 110,57.112,3 pokoje z aneksem,4 piętro,BALKON,,,False,/pl-pl/warszawa/mieszkanie?id=apartamenty rudnickiego_3_1_c_mk_110,/getmedia/2e9a18cf-3be6-4c86-b861-46e46ff8e805/[APARTAMENTY%20RUDNICKIEGO_3_1_C_4_110][MK][RZUT][Plan%20mieszkania]_l.jpg?width=276,2026-10-07,,warszawa|APARTAMENTY RUDNICKIEGO|C|C 110
warszawa,APARTAMENTY RUDNICKIEGO,C,,C 112,56.092,3 pokoje z aneksem,5 piętro,LOGGIA,,,False,/pl-pl/warszawa/mieszkanie?id=apartamenty rudnickiego_3_1_c_mk_112,/getmedia/c648721a-af5a-415f-b030-463f16793991/[APARTAMENTY%20RUDNICKIEGO_3_1_C_5_112][MK][RZUT][Plan%20mieszkania]_l.jpg?width=276,2026-10-07,,warszawa|APARTAMENTY RUDNICKIEGO|C|C 112
warszawa,APARTAMENTY RUDNICKIEGO,C,,C 113,41.142,2 pokoje z aneksem,5 piętro,LOGGIA,,,False,/pl-pl/warszawa/mieszkanie?id=apartamenty rudnickiego_3_1_c_mk_113,/getmedia/aa92f018-4ccf-4f94-8d80-f35497ee3daa/[APARTAMENTY%20RUDNICKIEGO_3_1_C_5_113][MK][RZUT][Plan%20mieszkania]_l.jpg?width=276,2026-10-07,,warszawa|APARTAMENTY RUDNICKIEGO|C|C 113
warszawa,APARTAMENTY RUDNICKIEGO,C,,C 114,101.732,dwu­poziomowe,5 piętro,BALKON,,,False,/pl-pl/warszawa/mieszkanie?id=apartamenty rudnickiego_3_1_c_mk_114,/getmedia/a1ae5083-ee07-4671-9ada-0e0968ecdd1e/[APARTAMENTY%20RUDNICKIEGO_3_1_C_5_114][MK][RZUT][Plan%20mieszkania]_l.jpg?width=276,2026-10-07,,warszawa|APARTAMENTY RUDNICKIEGO|C|C 114
warszawa,APARTAMENTY RUDNICKIEGO,C,,C 115,131.562,dwu­poziomowe,5 piętro,BALKON,,,False,/pl-pl/warszawa/mieszkanie?id=apartamenty rudnickiego_3_1_c_mk_115,/getmedia/1c386f49-b0b4-499c-b2a6-065222385eab/[APARTAMENTY%20RUDNICKIEGO_3_1_C_5_115][MK][RZUT][Plan%20mieszkania]_l.jpg?width=276,2026-10-07,,warszawa|APARTAMENTY RUDNICKIEGO|C|C 115
warszawa,APARTAMENTY RUDNICKIEGO,C,,C 116,56.872,3 pokoje z aneksem,Parter,,,,False,/pl-pl/warszawa/mieszkanie?id=apartamenty rudnickiego_3_1_c_mk_116,/getmedia/4f8c0b64-8318-460e-aaa8-dc4f064d5c87/[APARTAMENTY%20RUDNICKIEGO_3_1_C_0_116][MK][RZUT][Plan%20mieszkania]_l.jpg?width=276,2026-10-07,,warszawa|APARTAMENTY RUDNICKIEGO|C|C 116
warszawa,APARTAMENTY RUDNICKIEGO,C,,C 117,40.952,2 pokoje z aneksem,Parter,,,,False,/pl-pl/warszawa/mieszkanie?id=apartamenty rudnickiego_3_1_c_mk_117,/getmedia/3f4d8d12-58ec-451b-94bb-e5cf6a048ca5/[APARTAMENTY%20RUDNICKIEGO_3_1_C_0_117][MK][RZUT][Plan%20mieszkania]_l.jpg?width=276,2026-10-07,,warszawa|APARTAMENTY RUDNICKIEGO|C|C 117
warszawa,APARTAMENTY RUDNICKIEGO,C,,C 118,85.032,4 pokoje z aneksem,Parter,,,,False,/pl-pl/warszawa/mieszkanie?id=apartamenty rudnickiego_3_1_c_mk_118,/getmedia/a38173a4-3bbf-4c8e-8e27-a7216a745dab/[APARTAMENTY%20RUDNICKIEGO_3_1_C_0_118][MK][RZUT][Plan%20mieszkania]_l.jpg?width=276,2026-10-07,,warszawa|APARTAMENTY RUDNICKIEGO|C|C 118
warszawa,APARTAMENTY RUDNICKIEGO,C,,C 119,56.872,3 pokoje z aneksem,1 piętro,BALKON,,,False,/pl-pl/warszawa/mieszkanie?id=apartamenty rudnickiego_3_1_c_mk_119,/getmedia/6345cb84-e547-49f1-9d5a-f89b50b01ac1/[APARTAMENTY%20RUDNICKIEGO_3_1_C_1_119][MK][RZUT][Plan%20mieszkania]_l.jpg?width=276,2026-10-07,,warszawa|APARTAMENTY RUDNICKIEGO|C|C 119
warszawa,APARTAMENTY RUDNICKIEGO,C,,C 120,37.912,2 pokoje z aneksem,1 piętro,BALKON,,,False,/pl-pl/warszawa/mieszkanie?id=apartamenty rudnickiego_3_1_c_mk_120,/getmedia/46718657-4212-4c8c-b6e6-770e287cd05d/[APARTAMENTY%20RUDNICKIEGO_3_1_C_1_120][MK][RZUT][Plan%20mieszkania]_l.jpg?width=276,2026-10-07,,warszawa|APARTAMENTY RUDNICKIEGO|C|C 120
warszawa,APARTAMENTY RUDNICKIEGO,C,,C 121,50.382,3 pokoje z aneksem,1 piętro,BALKON,,,False,/pl-pl/warszawa/mieszkanie?id=apartamenty rudnickiego_3_1_c_mk_121,/getmedia/496e656f-63ff-432d-9b23-3b6ab4847dd6/[APARTAMENTY%20RUDNICKIEGO_3_1_C_1_121][MK][RZUT][Plan%20mieszkania]_l.jpg?width=276,2026-10-07,,warszawa|APARTAMENTY RUDNICKIEGO|C|C 121
warszawa,APARTAMENTY RUDNICKIEGO,C,,C 122,58.092,3 pokoje z aneksem,1 piętro,BALKON,,,False,/pl-pl/warszawa/mieszkanie?id=apartamenty rudnickiego_3_1_c_mk_122,/getmedia/d30788bd-2a52-4a1e-911e-0f646765b26e/[APARTAMENTY%20RUDNICKIEGO_3_1_C_1_122][MK][RZUT][Plan%20mieszkania]_l.jpg?width=276,2026-10-07,,warszawa|APARTAMENTY RUDNICKIEGO|C|C 122
warszawa,APARTAMENTY RUDNICKIEGO,C,,C 123,56.872,3 pokoje z aneksem,2 piętro,BALKON,,,False,/pl-pl/warszawa/mieszkanie?id=apartamenty rudnickiego_3_1_c_mk_123,/getmedia/a8c43b47-23ca-4078-91b3-c5a19f33906a/[APARTAMENTY%20RUDNICKIEGO_3_1_C_2_123][MK][RZUT][Plan%20mieszkania]_l.jpg?width=276,2026-10-07,,warszawa|APARTAMENTY RUDNICKIEGO|C|C 123
warszawa,APARTAMENTY RUDNICKIEGO,C,,C 124,37.912,2 pokoje z aneksem,2 piętro,BALKON,,,False,/pl-pl/warszawa/mieszkanie?id=apartamenty rudnickiego_3_1_c_mk_124,/getmedia/678ef459-38c8-410b-b9be-dbf01a4350c3/[APARTAMENTY%20RUDNICKIEGO_3_1_C_2_124][MK][RZUT][Plan%20mieszkania]_l.jpg?width=276,2026-10-07,,warszawa|APARTAMENTY RUDNICKIEGO|C|C 124
warszawa,APARTAMENTY RUDNICKIEGO,C,,C 125,50.742,3 pokoje z aneksem,2 piętro,BALKON,,,False,/pl-pl/warszawa/mieszkanie?id=apartamenty rudnickiego_3_1_c_mk_125,/getmedia/aa12f284-0213-4d1a-bf02-2b8243f66ad7/[APARTAMENTY%20RUDNICKIEGO_3_1_C_2_125][MK][RZUT][Plan%20mieszkania]_l.jpg?width=276,2026-10-07,,warszawa|APARTAMENTY RUDNICKIEGO|C|C 125
warszawa,APARTAMENTY RUDNICKIEGO,C,,C 126,58.092,3 pokoje z aneksem,2 piętro,BALKON,,,False,/pl-pl/warszawa/mieszkanie?id=apartamenty rudnickiego_3_1_c_mk_126,/getmedia/18c822d7-2762-419f-912b-9a0ce9b6bb7f/[APARTAMENTY%20RUDNICKIEGO_3_1_C_2_126][MK][RZUT][Plan%20mieszkania]_l.jpg?width=276,2026-10-07,,warszawa|APARTAMENTY RUDNICKIEGO|C|C 126
warszawa,APARTAMENTY RUDNICKIEGO,C,,C 127,56.872,3 pokoje z aneksem,3 piętro,BALKON,,,False,/pl-pl/warszawa/mieszkanie?id=apartamenty rudnickiego_3_1_c_mk_127,/getmedia/a322e034-bccc-419b-bd7f-2059bef7a497/[APARTAMENTY%20RUDNICKIEGO_3_1_C_3_127][MK][RZUT][Plan%20mieszkania]_l.jpg?width=276,2026-10-07,,warszawa|APARTAMENTY RUDNICKIEGO|C|C 127
warszawa,APARTAMENTY RUDNICKIEGO,C,,C 128,37.912,2 pokoje z aneksem,3 piętro,BALKON,,,False,/pl-pl/warszawa/mieszkanie?id=apartamenty rudnickiego_3_1_c_mk_128,/getmedia/fd8f15f9-ae16-40e1-aac2-a5b1453083c8/[APARTAMENTY%20RUDNICKIEGO_3_1_C_3_128][MK][RZUT][Plan%20mieszkania]_l.jpg?width=276,2026-10-07,,warszawa|APARTAMENTY RUDNICKIEGO|C|C 128
warszawa,APARTAMENTY RUDNICKIEGO,C,,C 129,50.742,3 pokoje z aneksem,3 piętro,BALKON,,,False,/pl-pl/warszawa/mieszkanie?id=apartamenty rudnickiego_3_1_c_mk_129,/getmedia/7d73df05-e34d-4bfa-8cc6-9938c380a14b/[APARTAMENTY%20RUDNICKIEGO_3_1_C_3_129][MK][RZUT][Plan%20mieszkania]_l.jpg?width=276,2026-10-07,,warszawa|APARTAMENTY RUDNICKIEGO|C|C 129
warszawa,APARTAMENTY RUDNICKIEGO,C,,C 130,58.092,3 pokoje z aneksem,3 piętro,BALKON,,,False,/pl-pl/warszawa/mieszkanie?id=apartamenty rudnickiego_3_1_c_mk_130,/getmedia/9411be1d-63f1-46d6-9080-40fdd0bee1d8/[APARTAMENTY%20RUDNICKIEGO_3_1_C_3_130][MK][RZUT][Plan%20mieszkania]_l.jpg?width=276,2026-10-07,,warszawa|APARTAMENTY RUDNICKIEGO|C|C 130
warszawa,APARTAMENTY RUDNICKIEGO,C,,C 131,56.872,3 pokoje z aneksem,4 piętro,BALKON,,,False,/pl-pl/warszawa/mieszkanie?id=apartamenty rudnickiego_3_1_c_mk_131,/getmedia/720d3571-8223-43ac-b199-25cd8a6179fc/[APARTAMENTY%20RUDNICKIEGO_3_1_C_4_131][MK][RZUT][Plan%20mieszkania]_l.jpg?width=276,2026-10-07,,warszawa|APARTAMENTY RUDNICKIEGO|C|C 131
warszawa,APARTAMENTY RUDNICKIEGO,C,,C 132,37.912,2 pokoje z aneksem,4 piętro,BALKON,,,False,/pl-pl/warszawa/mieszkanie?id=apartamenty rudnickiego_3_1_c_mk_132,/getmedia/53a3a24a-3f1d-4489-883f-53c3b571234d/[APARTAMENTY%20RUDNICKIEGO_3_1_C_4_132][MK][RZUT][Plan%20mieszkania]_l.jpg?width=276,2026-10-07,,warszawa|APARTAMENTY RUDNICKIEGO|C|C 132
warszawa,APARTAMENTY RUDNICKIEGO,C,,C 134,58.092,3 pokoje z aneksem,4 piętro,BALKON,,,False,/pl-pl/warszawa/mieszkanie?id=apartamenty rudnickiego_3_1_c_mk_134,/getmedia/9410b146-710a-4a79-b38a-866e024ca0df/[APARTAMENTY%20RUDNICKIEGO_3_1_C_4_134][MK][RZUT][Plan%20mieszkania]_l.jpg?width=276,2026-10-07,,warszawa|APARTAMENTY RUDNICKIEGO|C|C 134
warszawa,APARTAMENTY RUDNICKIEGO,C,,C 135,56.872,3 pokoje z aneksem,5 piętro,BALKON,,,False,/pl-pl/warszawa/mieszkanie?id=apartamenty rudnickiego_3_1_c_mk_135,/getmedia/cf9c294e-8a38-454e-9392-db715585b212/[APARTAMENTY%20RUDNICKIEGO_3_1_C_5_135][MK][RZUT][Plan%20mieszkania]_l.jpg?width=276,2026-10-07,,warszawa|APARTAMENTY RUDNICKIEGO|C|C 135
warszawa,APARTAMENTY RUDNICKIEGO,C,,C 136,37.782,2 pokoje z aneksem,5 piętro,BALKON,,,False,/pl-pl/warszawa/mieszkanie?id=apartamenty rudnickiego_3_1_c_mk_136,/getmedia/c9592e33-7bb7-4bd1-a1c2-5d23c0fed18a/[APARTAMENTY%20RUDNICKIEGO_3_1_C_5_136][MK][RZUT][Plan%20mieszkania]_l.jpg?width=276,2026-10-07,,warszawa|APARTAMENTY RUDNICKIEGO|C|C 136
warszawa,APARTAMENTY RUDNICKIEGO,C,,C 137,50.742,3 pokoje z aneksem,5 piętro,BALKON,,,False,/pl-pl/warszawa/mieszkanie?id=apartamenty rudnickiego_3_1_c_mk_137,/getmedia/2e572666-eff3-46f6-ab97-5be8865f376b/[APARTAMENTY%20RUDNICKIEGO_3_1_C_5_137][MK][RZUT][Plan%20mieszkania]_l.jpg?width=276,2026-10-07,,warszawa|APARTAMENTY RUDNICKIEGO|C|C 137
warszawa,APARTAMENTY RUDNICKIEGO,C,,C 138,58.092,3 pokoje z aneksem,5 piętro,BALKON,,,False,/pl-pl/warszawa/mieszkanie?id=apartamenty rudnickiego_3_1_c_mk_138,/getmedia/f987a753-c102-48c9-8358-7c7a1c2caeb0/[APARTAMENTY%20RUDNICKIEGO_3_1_C_5_138][MK][RZUT][Plan%20mieszkania]_l.jpg?width=276,2026-10-07,,warszawa|APARTAMENTY RUDNICKIEGO|C|C 138
warszawa,APARTAMENTY RUDNICKIEGO,C,,C 140,101.692,5 pokoi z aneksem,Parter,BALKON,,,False,/pl-pl/warszawa/mieszkanie?id=apartamenty rudnickiego_3_1_c_mk_140,/getmedia/7ed2ee91-f4f4-4bdb-b396-712a673735bd/[APARTAMENTY%20RUDNICKIEGO_3_1_C_0_140][MK][RZUT][Plan%20mieszkania]_l.jpg?width=276,2026-10-07,,warszawa|APARTAMENTY RUDNICKIEGO|C|C 140
warszawa,APARTAMENTY RUDNICKIEGO,C,,C 141,42.712,2 pokoje z aneksem,Parter,BALKON,,,False,/pl-pl/warszawa/mieszkanie?id=apartamenty rudnickiego_3_1_c_mk_141,/getmedia/0c14c4f9-bc32-4a86-bdcc-4c65db78acef/[APARTAMENTY%20RUDNICKIEGO_3_1_C_0_141][MK][RZUT][Plan%20mieszkania]_l.jpg?width=276,2026-10-07,,warszawa|APARTAMENTY RUDNICKIEGO|C|C 141
warszawa,APARTAMENTY RUDNICKIEGO,C,,C 143,39.512,2 pokoje z aneksem,1 piętro,LOGGIA,,,False,/pl-pl/warszawa/mieszkanie?id=apartamenty rudnickiego_3_1_c_mk_143,/getmedia/2d89be90-2e1a-4078-ae0e-05cd2b1e4ab3/[APARTAMENTY%20RUDNICKIEGO_3_1_C_1_143][MK][RZUT][Plan%20mieszkania]_l.jpg?width=276,2026-10-07,,warszawa|APARTAMENTY RUDNICKIEGO|C|C 143
warszawa,APARTAMENTY RUDNICKIEGO,C,,C 144,28.182,1 pokój z aneksem,1 piętro,LOGGIA,,,False,/pl-pl/warszawa/mieszkanie?id=apartamenty rudnickiego_3_1_c_mk_144,/getmedia/b13fcc33-f1ab-4040-a9f7-f2a6fde1897e/[APARTAMENTY%20RUDNICKIEGO_3_1_C_1_144][MK][RZUT][Plan%20mieszkania]_l.jpg?width=276,2026-10-07,,warszawa|APARTAMENTY RUDNICKIEGO|C|C 144
warszawa,APARTAMENTY RUDNICKIEGO,C,,C 145,54.682,3 pokoje z aneksem,1 piętro,BALKON,,,False,/pl-pl/warszawa/mieszkanie?id=apartamenty rudnickiego_3_1_c_mk_145,/getmedia/e61d0b35-90f2-49b6-9a88-43d5cbf2223a/[APARTAMENTY%20RUDNICKIEGO_3_1_C_1_145][MK][RZUT][Plan%20mieszkania]_l.jpg?width=276,2026-10-07,,warszawa|APARTAMENTY RUDNICKIEGO|C|C 145
warszawa,APARTAMENTY RUDNICKIEGO,C,,C 146,41.932,2 pokoje z aneksem,1 piętro,BALKON,,,False,/pl-pl/warszawa/mieszkanie?id=apartamenty rudnickiego_3_1_c_mk_146,/getmedia/031f35fd-77fd-407e-8ebb-6fd2bbe877de/[APARTAMENTY%20RUDNICKIEGO_3_1_C_1_146][MK][RZUT][Plan%20mieszkania]_l.jpg?width=276,2026-10-07,,warszawa|APARTAMENTY RUDNICKIEGO|C|C 146
warszawa,APARTAMENTY RUDNICKIEGO,C,,C 148,39.522,2 pokoje z aneksem,2 piętro,LOGGIA,,,False,/pl-pl/warszawa/mieszkanie?id=apartamenty rudnickiego_3_1_c_mk_148,/getmedia/4b1344fd-7c1d-4422-8a33-f19586b1df4e/[APARTAMENTY%20RUDNICKIEGO_3_1_C_2_148][MK][RZUT][Plan%20mieszkania]_l.jpg?width=276,2026-10-07,,warszawa|APARTAMENTY RUDNICKIEGO|C|C 148
warszawa,APARTAMENTY RUDNICKIEGO,C,,C 149,28.182,1 pokój z aneksem,2 piętro,LOGGIA,,,False,/pl-pl/warszawa/mieszkanie?id=apartamenty rudnickiego_3_1_c_mk_149,/getmedia/deed4a73-b361-4939-a8a0-cb74f586e060/[APARTAMENTY%20RUDNICKIEGO_3_1_C_2_149][MK][RZUT][Plan%20mieszkania]_l.jpg?width=276,2026-10-07,,warszawa|APARTAMENTY RUDNICKIEGO|C|C 149
warszawa,APARTAMENTY RUDNICKIEGO,C,,C 150,54.682,3 pokoje z aneksem,2 piętro,BALKON,,,False,/pl-pl/warszawa/mieszkanie?id=apartamenty rudnickiego_3_1_c_mk_150,/getmedia/0e4ac581-2b3e-4233-8c37-5219976a49cd/[APARTAMENTY%20RUDNICKIEGO_3_1_C_2_150][MK][RZUT][Plan%20mieszkania]_l.jpg?width=276,2026-10-07,,warszawa|APARTAMENTY RUDNICKIEGO|C|C 150
warszawa,APARTAMENTY RUDNICKIEGO,C,,C 153,39.522,2 pokoje z aneksem,3 piętro,LOGGIA,,,False,/pl-pl/warszawa/mieszkanie?id=apartamenty rudnickiego_3_1_c_mk_153,/getmedia/77e37ad3-6753-4649-9ee6-638d18092330/[APARTAMENTY%20RUDNICKIEGO_3_1_C_3_153][MK][RZUT][Plan%20mieszkania]_l.jpg?width=276,2026-10-07,,warszawa|APARTAMENTY RUDNICKIEGO|C|C 153
warszawa,APARTAMENTY RUDNICKIEGO,C,,C 154,28.182,1 pokój z aneksem,3 piętro,LOGGIA,,,False,/pl-pl/warszawa/mieszkanie?id=apartamenty rudnickiego_3_1_c_mk_154,/getmedia/718bbfed-b685-4394-889e-68e2ed9e4f18/[APARTAMENTY%20RUDNICKIEGO_3_1_C_3_154][MK][RZUT][Plan%20mieszkania]_l.jpg?width=276,2026-10-07,,warszawa|APARTAMENTY RUDNICKIEGO|C|C 154
warszawa,APARTAMENTY RUDNICKIEGO,C,,C 155,54.682,3 pokoje z aneksem,3 piętro,BALKON,,,False,/pl-pl/warszawa/mieszkanie?id=apartamenty rudnickiego_3_1_c_mk_155,/getmedia/689b1ac8-fd9d-42cd-8e36-538db5dc78fd/[APARTAMENTY%20RUDNICKIEGO_3_1_C_3_155][MK][RZUT][Plan%20mieszkania]_l.jpg?width=276,2026-10-07,,warszawa|APARTAMENTY RUDNICKIEGO|C|C 155
warszawa,APARTAMENTY RUDNICKIEGO,C,,C 158,39.522,2 pokoje z aneksem,4 piętro,LOGGIA,,,False,/pl-pl/warszawa/mieszkanie?id=apartamenty rudnickiego_3_1_c_mk_158,/getmedia/3192a0d3-be4a-4de0-8c11-05a94c822606/[APARTAMENTY%20RUDNICKIEGO_3_1_C_4_158][MK][RZUT][Plan%20mieszkania]_l.jpg?width=276,2026-10-07,,warszawa|APARTAMENTY RUDNICKIEGO|C|C 158
warszawa,APARTAMENTY RUDNICKIEGO,C,,C 159,28.182,1 pokój z aneksem,4 piętro,LOGGIA,,,False,/pl-pl/warszawa/mieszkanie?id=apartamenty rudnickiego_3_1_c_mk_159,/getmedia/8ffd19d1-2248-4001-a849-d370d55987bc/[APARTAMENTY%20RUDNICKIEGO_3_1_C_4_159][MK][RZUT][Plan%20mieszkania]_l.jpg?width=276,2026-10-07,,warszawa|APARTAMENTY RUDNICKIEGO|C|C 159
warszawa,APARTAMENTY RUDNICKIEGO,C,,C 160,54.682,3 pokoje z aneksem,4 piętro,BALKON,,,False,/pl-pl/warszawa/mieszkanie?id=apartamenty rudnickiego_3_1_c_mk_160,/getmedia/46118a3c-2f32-4274-b149-d3b099c90f2e/[APARTAMENTY%20RUDNICKIEGO_3_1_C_4_160][MK][RZUT][Plan%20mieszkania]_l.jpg?width=276,2026-10-07,,warszawa|APARTAMENTY RUDNICKIEGO|C|C 160
warszawa,APARTAMENTY RUDNICKIEGO,C,,C 161,41.932,2 pokoje z aneksem,4 piętro,BALKON,,,False,/pl-pl/warszawa/mieszkanie?id=apartamenty rudnickiego_3_1_c_mk_161,/getmedia/e67ed0d5-bc39-4dc6-aa84-d198edb33627/[APARTAMENTY%20RUDNICKIEGO_3_1_C_4_161][MK][RZUT][Plan%20mieszkania]_l.jpg?width=276,2026-10-07,,warszawa|APARTAMENTY RUDNICKIEGO|C|C 161
warszawa,APARTAMENTY RUDNICKIEGO,C,,C 163,39.452,2 pokoje z aneksem,5 piętro,LOGGIA,,,False,/pl-pl/warszawa/mieszkanie?id=apartamenty rudnickiego_3_1_c_mk_163,/getmedia/0f99d9b8-28be-4e0a-b749-78d45810aaf9/[APARTAMENTY%20RUDNICKIEGO_3_1_C_5_163][MK][RZUT][Plan%20mieszkania]_l.jpg?width=276,2026-10-07,,warszawa|APARTAMENTY RUDNICKIEGO|C|C 163
warszawa,APARTAMENTY RUDNICKIEGO,C,,C 164,28.142,1 pokój z aneksem,5 piętro,LOGGIA,,,False,/pl-pl/warszawa/mieszkanie?id=apartamenty rudnickiego_3_1_c_mk_164,/getmedia/b0968da7-b80a-40ac-bb68-89df2ad5246a/[APARTAMENTY%20RUDNICKIEGO_3_1_C_5_164][MK][RZUT][Plan%20mieszkania]_l.jpg?width=276,2026-10-07,,warszawa|APARTAMENTY RUDNICKIEGO|C|C 164
warszawa,APARTAMENTY RUDNICKIEGO,C,,C 166,41.932,2 pokoje z aneksem,5 piętro,BALKON,,,False,/pl-pl/warszawa/mieszkanie?id=apartamenty rudnickiego_3_1_c_mk_166,/getmedia/5ed02a09-98f5-4f1f-a8b7-96776c9df8c1/[APARTAMENTY%20RUDNICKIEGO_3_1_C_5_166][MK][RZUT][Plan%20mieszkania]_l.jpg?width=276,2026-10-07,,warszawa|APARTAMENTY RUDNICKIEGO|C|C 166
warszawa,OSIEDLE PALLADIUM,A,,A 2,37.572,2 pokoje z aneksem,1 piętro,LOGGIA,,,False,/pl-pl/warszawa/mieszkanie?id=palladium_3_1_a_mk_2,/getmedia/a3e17c31-c312-4f3a-b152-de2b1ff7965e/[PALLADIUM_3_1_A_1_2][MK][RZUT][Plan%20mieszkania]_l.jpg?width=276,2026-10-07,,warszawa|OSIEDLE PALLADIUM|A|A 2
warszawa,OSIEDLE PALLADIUM,A,,A 3,52.562,3 pokoje z aneksem,1 piętro,LOGGIA,,,False,/pl-pl/warszawa/mieszkanie?id=palladium_3_1_a_mk_3,/getmedia/dc80091a-2d0f-465d-a857-df21e4615eac/[PALLADIUM_3_1_A_1_3][MK][RZUT][Plan%20mieszkania]_l.jpg?width=276,2026-10-07,,warszawa|OSIEDLE PALLADIUM|A|A 3
warszawa,OSIEDLE PALLADIUM,A,,A 4,36.592,2 pokoje z aneksem,1 piętro,BALKON,,,False,/pl-pl/warszawa/mieszkanie?id=palladium_3_1_a_mk_4,/getmedia/3eed337b-550a-4fb9-b167-c45918683644/[PALLADIUM_3_1_A_1_4][MK][RZUT][Plan%20mieszkania]_l.jpg?width=276,2026-10-07,,warszawa|OSIEDLE PALLADIUM|A|A 4
warszawa,OSIEDLE PALLADIUM,A,,A 5,57.692,3 pokoje z aneksem,1 piętro,BALKON,,,False,/pl-pl/warszawa/mieszkanie?id=palladium_3_1_a_mk_5,/getmedia/ebbc24c3-53b3-41f7-a470-de9ac5125db7/[PALLADIUM_3_1_A_1_5][MK][RZUT][Plan%20mieszkania]_l.jpg?width=276,2026-10-07,,warszawa|OSIEDLE PALLADIUM|A|A 5
warszawa,OSIEDLE PALLADIUM,A,,A 6,57.572,3 pokoje z aneksem,2 piętro,LOGGIA,,,False,/pl-pl/warszawa/mieszkanie?id=palladium_3_1_a_mk_6,/getmedia/599bc885-510b-4f95-8f0c-bb11fc51388c/[PALLADIUM_3_1_A_2_6][MK][RZUT][Plan%20mieszkania]_l.jpg?width=276,2026-10-07,,warszawa|OSIEDLE PALLADIUM|A|A 6
warszawa,OSIEDLE PALLADIUM,A,,A 7,37.692,2 pokoje z aneksem,2 piętro,LOGGIA,,,False,/pl-pl/warszawa/mieszkanie?id=palladium_3_1_a_mk_7,/getmedia/17235341-21fb-406a-9c18-fe93d033bde1/[PALLADIUM_3_1_A_2_7][MK][RZUT][Plan%20mieszkania]_l.jpg?width=276,2026-10-07,,warszawa|OSIEDLE PALLADIUM|A|A 7
warszawa,OSIEDLE PALLADIUM,A,,A 8,52.662,3 pokoje z aneksem,2 piętro,LOGGIA,,,False,/pl-pl/warszawa/mieszkanie?id=palladium_3_1_a_mk_8,/getmedia/4df58c64-6c1a-4460-b927-a733034071ed/[PALLADIUM_3_1_A_2_8][MK][RZUT][Plan%20mieszkania]_l.jpg?width=276,2026-10-07,,warszawa|OSIEDLE PALLADIUM|A|A 8
warszawa,OSIEDLE PALLADIUM,A,,A 9,36.672,2 pokoje z aneksem,2 piętro,BALKON,,,False,/pl-pl/warszawa/mieszkanie?id=palladium_3_1_a_mk_9,/getmedia/8f2fc849-c052-462c-998e-3efe6829543d/[PALLADIUM_3_1_A_2_9][MK][RZUT][Plan%20mieszkania]_l.jpg?width=276,2026-10-07,,warszawa|OSIEDLE PALLADIUM|A|A 9
warszawa,OSIEDLE PALLADIUM,A,,A 10,57.602,3 pokoje z aneksem,2 piętro,BALKON,,,False,/pl-pl/warszawa/mieszkanie?id=palladium_3_1_a_mk_10,/getmedia/21b964d3-9c82-41fb-967b-5d7be983c9be/[PALLADIUM_3_1_A_2_10][MK][RZUT][Plan%20mieszkania]_l.jpg?width=276,2026-10-07,,warszawa|OSIEDLE PALLADIUM|A|A 10
warszawa,OSIEDLE PALLADIUM,A,,A 11,57.572,3 pokoje z aneksem,3 piętro,LOGGIA,,,False,/pl-pl/warszawa/mieszkanie?id=palladium_3_1_a_mk_11,/getmedia/54abf1b9-fead-49bb-b08f-c4db14c2de3a/[PALLADIUM_3_1_A_3_11][MK][RZUT][Plan%20mieszkania]_l.jpg?width=276,2026-10-07,,warszawa|OSIEDLE PALLADIUM|A|A 11
warszawa,OSIEDLE PALLADIUM,A,,A 12,37.692,2 pokoje z aneksem,3 piętro,LOGGIA,,,False,/pl-pl/warszawa/mieszkanie?id=palladium_3_1_a_mk_12,/getmedia/4b051fe3-d34a-464e-bf40-9dc7cc1c12e7/[PALLADIUM_3_1_A_3_12][MK][RZUT][Plan%20mieszkania]_l.jpg?width=276,2026-10-07,,warszawa|OSIEDLE PALLADIUM|A|A 12
warszawa,OSIEDLE PALLADIUM,A,,A 13,52.662,3 pokoje z aneksem,3 piętro,LOGGIA,,,False,/pl-pl/warszawa/mieszkanie?id=palladium_3_1_a_mk_13,/getmedia/ead70d71-d64c-4fc0-a96d-791985db1d35/[PALLADIUM_3_1_A_3_13][MK][RZUT][Plan%20mieszkania]_l.jpg?width=276,2026-10-07,,warszawa|OSIEDLE PALLADIUM|A|A 13
warszawa,OSIEDLE PALLADIUM,A,,A 14,36.672,2 pokoje z aneksem,3 piętro,BALKON,,,False,/pl-pl/warszawa/mieszkanie?id=palladium_3_1_a_mk_14,/getmedia/771a1402-716d-461a-983f-37115cdeca90/[PALLADIUM_3_1_A_3_14][MK][RZUT][Plan%20mieszkania]_l.jpg?width=276,2026-10-07,,warszawa|OSIEDLE PALLADIUM|A|A 14
warszawa,OSIEDLE PALLADIUM,A,,A 15,57.602,3 pokoje z aneksem,3 piętro,BALKON,,,False,/pl-pl/warszawa/mieszkanie?id=palladium_3_1_a_mk_15,/getmedia/a15aa5d7-c8dd-405f-ae72-0d6e5c22bdf8/[PALLADIUM_3_1_A_3_15][MK][RZUT][Plan%20mieszkania]_l.jpg?width=276,2026-10-07,,warszawa|OSIEDLE PALLADIUM|A|A 15
warszawa,OSIEDLE PALLADIUM,A,,A 16,57.572,3 pokoje z aneksem,4 piętro,LOGGIA,,,False,/pl-pl/warszawa/mieszkanie?id=palladium_3_1_a_mk_16,/getmedia/f96d25f6-feb3-49e2-947b-c03ad83d73f1/[PALLADIUM_3_1_A_4_16][MK][RZUT][Plan%20mieszkania]_l.jpg?width=276,2026-10-07,,warszawa|OSIEDLE PALLADIUM|A|A 16
warszawa,OSIEDLE PALLADIUM,A,,A 17,37.942,2 pokoje z aneksem,4 piętro,LOGGIA,,,False,/pl-pl/warszawa/mieszkanie?id=palladium_3_1_a_mk_17,/getmedia/64cd296d-15fd-4c5e-8789-21c965e005cf/[PALLADIUM_3_1_A_4_17][MK][RZUT][Plan%20mieszkania]_l.jpg?width=276,2026-10-07,,warszawa|OSIEDLE PALLADIUM|A|A 17
warszawa,OSIEDLE PALLADIUM,A,,A 18,52.832,3 pokoje z aneksem,4 piętro,LOGGIA,,,False,/pl-pl/warszawa/mieszkanie?id=palladium_3_1_a_mk_18,/getmedia/5a9cc037-ac96-4ccf-897d-4f01208d3e5d/[PALLADIUM_3_1_A_4_18][MK][RZUT][Plan%20mieszkania]_l.jpg?width=276,2026-10-07,,warszawa|OSIEDLE PALLADIUM|A|A 18
warszawa,OSIEDLE PALLADIUM,A,,A 19,37.042,2 pokoje z aneksem,4 piętro,BALKON,,,False,/pl-pl/warszawa/mieszkanie?id=palladium_3_1_a_mk_19,/getmedia/df5819e2-9673-4b18-9423-75934cfce375/[PALLADIUM_3_1_A_4_19][MK][RZUT][Plan%20mieszkania]_l.jpg?width=276,2026-10-07,,warszawa|OSIEDLE PALLADIUM|A|A 19
warszawa,OSIEDLE PALLADIUM,A,,A 20,57.852,3 pokoje z aneksem,4 piętro,BALKON,,,False,/pl-pl/warszawa/mieszkanie?id=palladium_3_1_a_mk_20,/getmedia/2bf6897b-d790-49df-8139-78b020423cd4/[PALLADIUM_3_1_A_4_20][MK][RZUT][Plan%20mieszkania]_l.jpg?width=276,2026-10-07,,warszawa|OSIEDLE PALLADIUM|A|A 20
warszawa,OSIEDLE PALLADIUM,A,,A 21,57.572,3 pokoje z aneksem,5 piętro,LOGGIA,,,False,/pl-pl/warszawa/mieszkanie?id=palladium_3_1_a_mk_21,/getmedia/04800df3-31cd-4e52-89c1-6ad5b5a2e4c3/[PALLADIUM_3_1_A_5_21][MK][RZUT][Plan%20mieszkania]_l.jpg?width=276,2026-10-07,,warszawa|OSIEDLE PALLADIUM|A|A 21
warszawa,OSIEDLE PALLADIUM,A,,A 22,37.942,2 pokoje z aneksem,5 piętro,LOGGIA,,,False,/pl-pl/warszawa/mieszkanie?id=palladium_3_1_a_mk_22,/getmedia/bc47031b-70ae-4ff0-8546-1e113cd86e9b/[PALLADIUM_3_1_A_5_22][MK][RZUT][Plan%20mieszkania]_l.jpg?width=276,2026-10-07,,warszawa|OSIEDLE PALLADIUM|A|A 22
warszawa,OSIEDLE PALLADIUM,A,,A 23,52.832,3 pokoje z aneksem,5 piętro,LOGGIA,,,False,/pl-pl/warszawa/mieszkanie?id=palladium_3_1_a_mk_23,/getmedia/cc88f1ce-5895-47d1-aad1-0ecdc5618979/[PALLADIUM_3_1_A_5_23][MK][RZUT][Plan%20mieszkania]_l.jpg?width=276,2026-10-07,,warszawa|OSIEDLE PALLADIUM|A|A 23
warszawa,OSIEDLE PALLADIUM,A,,A 24,37.042,2 pokoje z aneksem,5 piętro,BALKON,,,False,/pl-pl/warszawa/mieszkanie?id=palladium_3_1_a_mk_24,/getmedia/602026bf-5a2f-4443-8947-a2cf44c33c7a/[PALLADIUM_3_1_A_5_24][MK][RZUT][Plan%20mieszkania]_l.jpg?width=276,2026-10-07,,warszawa|OSIEDLE PALLADIUM|A|A 24
warszawa,OSIEDLE PALLADIUM,A,,A 25,57.912,3 pokoje z aneksem,5 piętro,BALKON,,,False,/pl-pl/warszawa/mieszkanie?id=palladium_3_1_a_mk_25,/getmedia/d04c8b6e-44de-44e9-9ff8-bdb8160a48ab/[PALLADIUM_3_1_A_5_25][MK][RZUT][Plan%20mieszkania]_l.jpg?width=276,2026-10-07,,warszawa|OSIEDLE PALLADIUM|A|A 25
warszawa,OSIEDLE PALLADIUM,A,,A 26,57.572,3 pokoje z aneksem,6 piętro,LOGGIA,,,False,/pl-pl/warszawa/mieszkanie?id=palladium_3_1_a_mk_26,/getmedia/06de8107-d22f-4a2d-9665-57fb2aea18f4/[PALLADIUM_3_1_A_6_26][MK][RZUT][Plan%20mieszkania]_l.jpg?width=276,2026-10-07,,warszawa|OSIEDLE PALLADIUM|A|A 26
warszawa,OSIEDLE PALLADIUM,A,,A 27,37.942,2 pokoje z aneksem,6 piętro,LOGGIA,,,False,/pl-pl/warszawa/mieszkanie?id=palladium_3_1_a_mk_27,/getmedia/f009e872-9d7c-47b7-a7b9-c81573c1d0d7/[PALLADIUM_3_1_A_6_27][MK][RZUT][Plan%20mieszkania]_l.jpg?width=276,2026-10-07,,warszawa|OSIEDLE PALLADIUM|A|A 27
warszawa,OSIEDLE PALLADIUM,A,,A 28,52.832,3 pokoje z aneksem,6 piętro,LOGGIA,,,False,/pl-pl/warszawa/mieszkanie?id=palladium_3_1_a_mk_28,/getmedia/815950e3-6010-44d5-bf7d-ec5fbf1439e0/[PALLADIUM_3_1_A_6_28][MK][RZUT][Plan%20mieszkania]_l.jpg?width=276,2026-10-07,,warszawa|OSIEDLE PALLADIUM|A|A 28
warszawa,OSIEDLE PALLADIUM,A,,A 29,37.042,2 pokoje z aneksem,6 piętro,BALKON,,,False,/pl-pl/warszawa/mieszkanie?id=palladium_3_1_a_mk_29,/getmedia/44e4048e-8928-44af-b3da-ab45f4b631e6/[PALLADIUM_3_1_A_6_29][MK][RZUT][Plan%20mieszkania]_l.jpg?width=276,2026-10-07,,warszawa|OSIEDLE PALLADIUM|A|A 29
warszawa,OSIEDLE PALLADIUM,A,,A 30,57.912,3 pokoje z aneksem,6 piętro,BALKON,,,False,/pl-pl/warszawa/mieszkanie?id=palladium_3_1_a_mk_30,/getmedia/add14b69-875a-4cd1-a193-09786fbce783/[PALLADIUM_3_1_A_6_30][MK][RZUT][Plan%20mieszkania]_l.jpg?width=276,2026-10-07,,warszawa|OSIEDLE PALLADIUM|A|A 30
warszawa,OSIEDLE PALLADIUM,A,,A 31,96.632,5 pokoi z aneksem,7 piętro,LOGGIA,,,False,/pl-pl/warszawa/mieszkanie?id=palladium_3_1_a_mk_31,/getmedia/6cdc9628-0426-4d17-9669-c3cb7aab301f/[PALLADIUM_3_1_A_7_31][MK][RZUT][Plan%20mieszkania]_l.jpg?width=276,2026-10-07,,warszawa|OSIEDLE PALLADIUM|A|A 31
warszawa,OSIEDLE PALLADIUM,A,,A 32,37.062,2 pokoje z aneksem,7 piętro,BALKON,,,False,/pl-pl/warszawa/mieszkanie?id=palladium_3_1_a_mk_32,/getmedia/59b5e85a-0ea0-461a-bd79-379d8ea06353/[PALLADIUM_3_1_A_7_32][MK][RZUT][Plan%20mieszkania]_l.jpg?width=276,2026-10-07,,warszawa|OSIEDLE PALLADIUM|A|A 32
warszawa,OSIEDLE PALLADIUM,A,,A 33,57.912,3 pokoje z aneksem,7 piętro,BALKON,,,False,/pl-pl/warszawa/mieszkanie?id=palladium_3_1_a_mk_33,/getmedia/2be000b2-a882-4067-9b5b-e88239e04bc5/[PALLADIUM_3_1_A_7_33][MK][RZUT][Plan%20mieszkania]_l.jpg?width=276,2026-10-07,,warszawa|OSIEDLE PALLADIUM|A|A 33
warszawa,OSIEDLE PALLADIUM,A,,A 34,54.452,3 pokoje z aneksem,Parter,,,,False,/pl-pl/warszawa/mieszkanie?id=palladium_3_1_a_mk_34,/getmedia/da9a5a4a-c8ba-40b4-bcbe-a550c188f5f8/[PALLADIUM_3_1_A_0_34][MK][RZUT][Plan%20mieszkania]_l.jpg?width=276,2026-10-07,,warszawa|OSIEDLE PALLADIUM|A|A 34
warszawa,OSIEDLE PALLADIUM,A,,A 35,54.592,3 pokoje z aneksem,Parter,,,,False,/pl-pl/warszawa/mieszkanie?id=palladium_3_1_a_mk_35,/getmedia/58221a77-3c23-4618-b3cd-c8db0aed95c1/[PALLADIUM_3_1_A_0_35][MK][RZUT][Plan%20mieszkania]_l.jpg?width=276,2026-10-07,,warszawa|OSIEDLE PALLADIUM|A|A 35
warszawa,OSIEDLE PALLADIUM,A,,A 36,53.852,3 pokoje z aneksem,Parter,,,,False,/pl-pl/warszawa/mieszkanie?id=palladium_3_1_a_mk_36,/getmedia/d8f9d468-5722-48af-92f4-0103ec302584/[PALLADIUM_3_1_A_0_36][MK][RZUT][Plan%20mieszkania]_l.jpg?width=276,2026-10-07,,warszawa|OSIEDLE PALLADIUM|A|A 36
warszawa,OSIEDLE PALLADIUM,A,,A 37,54.552,3 pokoje z aneksem,1 piętro,BALKON,,,False,/pl-pl/warszawa/mieszkanie?id=palladium_3_1_a_mk_37,/getmedia/86d2c0e6-33fe-482d-9932-609cc2e71020/[PALLADIUM_3_1_A_1_37][MK][RZUT][Plan%20mieszkania]_l.jpg?width=276,2026-10-07,,warszawa|OSIEDLE PALLADIUM|A|A 37
warszawa,OSIEDLE PALLADIUM,A,,A 38,54.882,3 pokoje z aneksem,1 piętro,BALKON,,,False,/pl-pl/warszawa/mieszkanie?id=palladium_3_1_a_mk_38,/getmedia/55cc79ec-fb61-4243-b980-be1899573074/[PALLADIUM_3_1_A_1_38][MK][RZUT][Plan%20mieszkania]_l.jpg?width=276,2026-10-07,,warszawa|OSIEDLE PALLADIUM|A|A 38
warszawa,OSIEDLE PALLADIUM,A,,A 39,54.962,3 pokoje z aneksem,1 piętro,LOGGIA,,,False,/pl-pl/warszawa/mieszkanie?id=palladium_3_1_a_mk_39,/getmedia/a6f55ffb-fd08-4b5d-bd65-ca1cac5775cb/[PALLADIUM_3_1_A_1_39][MK][RZUT][Plan%20mieszkania]_l.jpg?width=276,2026-10-07,,warszawa|OSIEDLE PALLADIUM|A|A 39
warszawa,OSIEDLE PALLADIUM,A,,A 40,37.372,2 pokoje z aneksem,1 piętro,LOGGIA,,,False,/pl-pl/warszawa/mieszkanie?id=palladium_3_1_a_mk_40,/getmedia/2df0705e-1f3c-4177-ab04-649a43ac6c75/[PALLADIUM_3_1_A_1_40][MK][RZUT][Plan%20mieszkania]_l.jpg?width=276,2026-10-07,,warszawa|OSIEDLE PALLADIUM|A|A 40
warszawa,OSIEDLE PALLADIUM,A,,A 41,37.372,2 pokoje z aneksem,1 piętro,LOGGIA,,,False,/pl-pl/warszawa/mieszkanie?id=palladium_3_1_a_mk_41,/getmedia/6d095dbf-1f41-4e47-a7b7-804a5eba9038/[PALLADIUM_3_1_A_1_41][MK][RZUT][Plan%20mieszkania]_l.jpg?width=276,2026-10-07,,warszawa|OSIEDLE PALLADIUM|A|A 41
warszawa,OSIEDLE PALLADIUM,A,,A 42,37.502,2 pokoje z aneksem,1 piętro,LOGGIA,,,False,/pl-pl/warszawa/mieszkanie?id=palladium_3_1_a_mk_42,/getmedia/db503a33-ddb1-42c0-971f-ea0adb170c61/[PALLADIUM_3_1_A_1_42][MK][RZUT][Plan%20mieszkania]_l.jpg?width=276,2026-10-07,,warszawa|OSIEDLE PALLADIUM|A|A 42
warszawa,OSIEDLE PALLADIUM,A,,A 43,37.362,2 pokoje z aneksem,1 piętro,LOGGIA,,,False,/pl-pl/warszawa/mieszkanie?id=palladium_3_1_a_mk_43,/getmedia/6a1e6feb-e67f-4287-a8f1-85daa611d97a/[PALLADIUM_3_1_A_1_43][MK][RZUT][Plan%20mieszkania]_l.jpg?width=276,2026-10-07,,warszawa|OSIEDLE PALLADIUM|A|A 43
warszawa,OSIEDLE PALLADIUM,A,,A 44,56.392,3 pokoje z aneksem,1 piętro,LOGGIA,,,False,/pl-pl/warszawa/mieszkanie?id=palladium_3_1_a_mk_44,/getmedia/b4a03553-27e8-4caf-9a06-f7de5977d147/[PALLADIUM_3_1_A_1_44][MK][RZUT][Plan%20mieszkania]_l.jpg?width=276,2026-10-07,,warszawa|OSIEDLE PALLADIUM|A|A 44
warszawa,OSIEDLE PALLADIUM,A,,A 45,53.892,3 pokoje z aneksem,1 piętro,BALKON,,,False,/pl-pl/warszawa/mieszkanie?id=palladium_3_1_a_mk_45,/getmedia/d826e770-f1f8-4e83-b740-e7ce8321445e/[PALLADIUM_3_1_A_1_45][MK][RZUT][Plan%20mieszkania]_l.jpg?width=276,2026-10-07,,warszawa|OSIEDLE PALLADIUM|A|A 45
warszawa,OSIEDLE PALLADIUM,A,,A 46,54.552,3 pokoje z aneksem,2 piętro,BALKON,,,False,/pl-pl/warszawa/mieszkanie?id=palladium_3_1_a_mk_46,/getmedia/a6d2c843-ba9d-470e-921b-750bce86b5c4/[PALLADIUM_3_1_A_2_46][MK][RZUT][Plan%20mieszkania]_l.jpg?width=276,2026-10-07,,warszawa|OSIEDLE PALLADIUM|A|A 46
warszawa,OSIEDLE PALLADIUM,A,,A 47,54.882,3 pokoje z aneksem,2 piętro,BALKON,,,False,/pl-pl/warszawa/mieszkanie?id=palladium_3_1_a_mk_47,/getmedia/8e1d5385-01c5-485d-b6b3-3a846c61bc22/[PALLADIUM_3_1_A_2_47][MK][RZUT][Plan%20mieszkania]_l.jpg?width=276,2026-10-07,,warszawa|OSIEDLE PALLADIUM|A|A 47
warszawa,OSIEDLE PALLADIUM,A,,A 48,54.992,3 pokoje z aneksem,2 piętro,LOGGIA,,,False,/pl-pl/warszawa/mieszkanie?id=palladium_3_1_a_mk_48,/getmedia/55d36f71-3f3e-447a-a308-c66c5df7eb33/[PALLADIUM_3_1_A_2_48][MK][RZUT][Plan%20mieszkania]_l.jpg?width=276,2026-10-07,,warszawa|OSIEDLE PALLADIUM|A|A 48
warszawa,OSIEDLE PALLADIUM,A,,A 49,37.502,2 pokoje z aneksem,2 piętro,LOGGIA,,,False,/pl-pl/warszawa/mieszkanie?id=palladium_3_1_a_mk_49,/getmedia/0cd29c3e-9a4a-43ee-b5c9-5cd9420f41a5/[PALLADIUM_3_1_A_2_49][MK][RZUT][Plan%20mieszkania]_l.jpg?width=276,2026-10-07,,warszawa|OSIEDLE PALLADIUM|A|A 49
warszawa,OSIEDLE PALLADIUM,A,,A 50,37.502,2 pokoje z aneksem,2 piętro,LOGGIA,,,False,/pl-pl/warszawa/mieszkanie?id=palladium_3_1_a_mk_50,/getmedia/09d2cae9-d11f-47e2-9ac3-eab6feb350ac/[PALLADIUM_3_1_A_2_50][MK][RZUT][Plan%20mieszkania]_l.jpg?width=276,2026-10-07,,warszawa|OSIEDLE PALLADIUM|A|A 50
warszawa,OSIEDLE PALLADIUM,A,,A 51,37.502,2 pokoje z aneksem,2 piętro,LOGGIA,,,False,/pl-pl/warszawa/mieszkanie?id=palladium_3_1_a_mk_51,/getmedia/8a7f8d81-eb70-436a-bda4-d0678defb7c3/[PALLADIUM_3_1_A_2_51][MK][RZUT][Plan%20mieszkania]_l.jpg?width=276,2026-10-07,,warszawa|OSIEDLE PALLADIUM|A|A 51
warszawa,OSIEDLE PALLADIUM,A,,A 52,37.362,2 pokoje z aneksem,2 piętro,LOGGIA,,,False,/pl-pl/warszawa/mieszkanie?id=palladium_3_1_a_mk_52,/getmedia/624ee92b-7cb8-4dfc-929c-bd10b6eb9875/[PALLADIUM_3_1_A_2_52][MK][RZUT][Plan%20mieszkania]_l.jpg?width=276,2026-10-07,,warszawa|OSIEDLE PALLADIUM|A|A 52
warszawa,OSIEDLE PALLADIUM,A,,A 53,56.392,3 pokoje z aneksem,2 piętro,LOGGIA,,,False,/pl-pl/warszawa/mieszkanie?id=palladium_3_1_a_mk_53,/getmedia/a82c6d0d-f3f4-416c-adec-9b7629756a45/[PALLADIUM_3_1_A_2_53][MK][RZUT][Plan%20mieszkania]_l.jpg?width=276,2026-10-07,,warszawa|OSIEDLE PALLADIUM|A|A 53
warszawa,OSIEDLE PALLADIUM,A,,A 54,53.892,3 pokoje z aneksem,2 piętro,BALKON,,,False,/pl-pl/warszawa/mieszkanie?id=palladium_3_1_a_mk_54,/getmedia/3aaa59e0-c212-45b8-92e2-914ee9452267/[PALLADIUM_3_1_A_2_54][MK][RZUT][Plan%20mieszkania]_l.jpg?width=276,2026-10-07,,warszawa|OSIEDLE PALLADIUM|A|A 54
warszawa,OSIEDLE PALLADIUM,A,,A 55,54.552,3 pokoje z aneksem,3 piętro,BALKON,,,False,/pl-pl/warszawa/mieszkanie?id=palladium_3_1_a_mk_55,/getmedia/1e88db13-373f-4e4a-ba37-3d8df2bb1fc2/[PALLADIUM_3_1_A_3_55][MK][RZUT][Plan%20mieszkania]_l.jpg?width=276,2026-10-07,,warszawa|OSIEDLE PALLADIUM|A|A 55
warszawa,OSIEDLE PALLADIUM,A,,A 56,54.882,3 pokoje z aneksem,3 piętro,BALKON,,,False,/pl-pl/warszawa/mieszkanie?id=palladium_3_1_a_mk_56,/getmedia/b5b9e3aa-01ff-49c1-b85b-22d663f00d04/[PALLADIUM_3_1_A_3_56][MK][RZUT][Plan%20mieszkania]_l.jpg?width=276,2026-10-07,,warszawa|OSIEDLE PALLADIUM|A|A 56
warszawa,OSIEDLE PALLADIUM,A,,A 57,54.992,3 pokoje z aneksem,3 piętro,LOGGIA,,,False,/pl-pl/warszawa/mieszkanie?id=palladium_3_1_a_mk_57,/getmedia/0929cd89-c829-4f6a-b435-a50e78c53816/[PALLADIUM_3_1_A_3_57][MK][RZUT][Plan%20mieszkania]_l.jpg?width=276,2026-10-07,,warszawa|OSIEDLE PALLADIUM|A|A 57
warszawa,OSIEDLE PALLADIUM,A,,A 58,37.502,2 pokoje z aneksem,3 piętro,LOGGIA,,,False,/pl-pl/warszawa/mieszkanie?id=palladium_3_1_a_mk_58,/getmedia/a417700a-8b57-4fbe-8e71-576082117895/[PALLADIUM_3_1_A_3_58][MK][RZUT][Plan%20mieszkania]_l.jpg?width=276,2026-10-07,,warszawa|OSIEDLE PALLADIUM|A|A 58
warszawa,OSIEDLE PALLADIUM,A,,A 59,37.502,2 pokoje z aneksem,3 piętro,LOGGIA,,,False,/pl-pl/warszawa/mieszkanie?id=palladium_3_1_a_mk_59,/getmedia/0e3af969-77df-4186-a57e-cba3a4fcd03d/[PALLADIUM_3_1_A_3_59][MK][RZUT][Plan%20mieszkania]_l.jpg?width=276,2026-10-07,,warszawa|OSIEDLE PALLADIUM|A|A 59
warszawa,OSIEDLE PALLADIUM,A,,A 60,37.502,2 pokoje z aneksem,3 piętro,LOGGIA,,,False,/pl-pl/warszawa/mieszkanie?id=palladium_3_1_a_mk_60,/getmedia/f8e9ef7c-ff63-4b9a-b31b-3478b9db7460/[PALLADIUM_3_1_A_3_60][MK][RZUT][Plan%20mieszkania]_l.jpg?width=276,2026-10-07,,warszawa|OSIEDLE PALLADIUM|A|A 60
warszawa,OSIEDLE PALLADIUM,A,,A 61,37.362,2 pokoje z aneksem,3 piętro,LOGGIA,,,False,/pl-pl/warszawa/mieszkanie?id=palladium_3_1_a_mk_61,/getmedia/74b19dfa-2838-41a1-938a-5583bcc9b836/[PALLADIUM_3_1_A_3_61][MK][RZUT][Plan%20mieszkania]_l.jpg?width=276,2026-10-07,,warszawa|OSIEDLE PALLADIUM|A|A 61
warszawa,OSIEDLE PALLADIUM,A,,A 62,56.392,3 pokoje z aneksem,3 piętro,LOGGIA,,,False,/pl-pl/warszawa/mieszkanie?id=palladium_3_1_a_mk_62,/getmedia/4f5a46f0-5220-4e25-9212-c2fcd066dcf9/[PALLADIUM_3_1_A_3_62][MK][RZUT][Plan%20mieszkania]_l.jpg?width=276,2026-10-07,,warszawa|OSIEDLE PALLADIUM|A|A 62
warszawa,OSIEDLE PALLADIUM,A,,A 63,53.892,3 pokoje z aneksem,3 piętro,BALKON,,,False,/pl-pl/warszawa/mieszkanie?id=palladium_3_1_a_mk_63,/getmedia/8c021480-c27e-4005-8b4f-67d1824942f4/[PALLADIUM_3_1_A_3_63][MK][RZUT][Plan%20mieszkania]_l.jpg?width=276,2026-10-07,,warszawa|OSIEDLE PALLADIUM|A|A 63
warszawa,OSIEDLE PALLADIUM,A,,A 64,54.852,3 pokoje z aneksem,4 piętro,BALKON,,,False,/pl-pl/warszawa/mieszkanie?id=palladium_3_1_a_mk_64,/getmedia/f20e6a8f-6a2e-4ecc-9446-a60a303044ac/[PALLADIUM_3_1_A_4_64][MK][RZUT][Plan%20mieszkania]_l.jpg?width=276,2026-10-07,,warszawa|OSIEDLE PALLADIUM|A|A 64
warszawa,OSIEDLE PALLADIUM,A,,A 65,55.042,3 pokoje z aneksem,4 piętro,BALKON,,,False,/pl-pl/warszawa/mieszkanie?id=palladium_3_1_a_mk_65,/getmedia/2d530410-e5b9-49d1-b977-0bdc64044337/[PALLADIUM_3_1_A_4_65][MK][RZUT][Plan%20mieszkania]_l.jpg?width=276,2026-10-07,,warszawa|OSIEDLE PALLADIUM|A|A 65
warszawa,OSIEDLE PALLADIUM,A,,A 66,54.992,3 pokoje z aneksem,4 piętro,LOGGIA,,,False,/pl-pl/warszawa/mieszkanie?id=palladium_3_1_a_mk_66,/getmedia/f36e3d02-284e-48f8-9bef-3a46750ec9dd/[PALLADIUM_3_1_A_4_66][MK][RZUT][Plan%20mieszkania]_l.jpg?width=276,2026-10-07,,warszawa|OSIEDLE PALLADIUM|A|A 66
warszawa,OSIEDLE PALLADIUM,A,,A 67,37.762,2 pokoje z aneksem,4 piętro,LOGGIA,,,False,/pl-pl/warszawa/mieszkanie?id=palladium_3_1_a_mk_67,/getmedia/462cb7f0-82e1-4427-8f2c-df144e93e94a/[PALLADIUM_3_1_A_4_67][MK][RZUT][Plan%20mieszkania]_l.jpg?width=276,2026-10-07,,warszawa|OSIEDLE PALLADIUM|A|A 67
warszawa,OSIEDLE PALLADIUM,A,,A 68,37.762,2 pokoje z aneksem,4 piętro,LOGGIA,,,False,/pl-pl/warszawa/mieszkanie?id=palladium_3_1_a_mk_68,/getmedia/4d5f357c-fa56-46dd-a4cb-7c22011e0026/[PALLADIUM_3_1_A_4_68][MK][RZUT][Plan%20mieszkania]_l.jpg?width=276,2026-10-07,,warszawa|OSIEDLE PALLADIUM|A|A 68
warszawa,OSIEDLE PALLADIUM,A,,A 69,37.762,2 pokoje z aneksem,4 piętro,LOGGIA,,,False,/pl-pl/warszawa/mieszkanie?id=palladium_3_1_a_mk_69,/getmedia/beb74971-befa-49b1-9675-fa53e6d03dae/[PALLADIUM_3_1_A_4_69][MK][RZUT][Plan%20mieszkania]_l.jpg?width=276,2026-10-07,,warszawa|OSIEDLE PALLADIUM|A|A 69
warszawa,OSIEDLE PALLADIUM,A,,A 70,37.622,2 pokoje z aneksem,4 piętro,LOGGIA,,,False,/pl-pl/warszawa/mieszkanie?id=palladium_3_1_a_mk_70,/getmedia/6b54ecc6-af80-40c0-ba10-94b392b3ae77/[PALLADIUM_3_1_A_4_70][MK][RZUT][Plan%20mieszkania]_l.jpg?width=276,2026-10-07,,warszawa|OSIEDLE PALLADIUM|A|A 70
warszawa,OSIEDLE PALLADIUM,A,,A 71,56.652,3 pokoje z aneksem,4 piętro,LOGGIA,,,False,/pl-pl/warszawa/mieszkanie?id=palladium_3_1_a_mk_71,/getmedia/5e90e465-af6b-4044-881b-e4420aee7e9b/[PALLADIUM_3_1_A_4_71][MK][RZUT][Plan%20mieszkania]_l.jpg?width=276,2026-10-07,,warszawa|OSIEDLE PALLADIUM|A|A 71
warszawa,OSIEDLE PALLADIUM,A,,A 72,54.142,3 pokoje z aneksem,4 piętro,BALKON,,,False,/pl-pl/warszawa/mieszkanie?id=palladium_3_1_a_mk_72,/getmedia/f664ea0a-e862-4329-b71e-5f8dfa90b10a/[PALLADIUM_3_1_A_4_72][MK][RZUT][Plan%20mieszkania]_l.jpg?width=276,2026-10-07,,warszawa|OSIEDLE PALLADIUM|A|A 72
warszawa,OSIEDLE PALLADIUM,A,,A 73,54.852,3 pokoje z aneksem,5 piętro,BALKON,,,False,/pl-pl/warszawa/mieszkanie?id=palladium_3_1_a_mk_73,/getmedia/10c92780-6f1a-445c-8fa2-9880b8beaa40/[PALLADIUM_3_1_A_5_73][MK][RZUT][Plan%20mieszkania]_l.jpg?width=276,2026-10-07,,warszawa|OSIEDLE PALLADIUM|A|A 73
warszawa,OSIEDLE PALLADIUM,A,,A 74,55.122,3 pokoje z aneksem,5 piętro,BALKON,,,False,/pl-pl/warszawa/mieszkanie?id=palladium_3_1_a_mk_74,/getmedia/01a76021-3957-4231-a80c-bfe1db9ff934/[PALLADIUM_3_1_A_5_74][MK][RZUT][Plan%20mieszkania]_l.jpg?width=276,2026-10-07,,warszawa|OSIEDLE PALLADIUM|A|A 74
warszawa,OSIEDLE PALLADIUM,A,,A 75,54.992,3 pokoje z aneksem,5 piętro,LOGGIA,,,False,/pl-pl/warszawa/mieszkanie?id=palladium_3_1_a_mk_75,/getmedia/d160296f-be41-4dd8-affb-3fc95f2fabc5/[PALLADIUM_3_1_A_5_75][MK][RZUT][Plan%20mieszkania]_l.jpg?width=276,2026-10-07,,warszawa|OSIEDLE PALLADIUM|A|A 75
warszawa,OSIEDLE PALLADIUM,A,,A 76,37.762,2 pokoje z aneksem,5 piętro,LOGGIA,,,False,/pl-pl/warszawa/mieszkanie?id=palladium_3_1_a_mk_76,/getmedia/3b5aee55-d48c-4aff-9ed5-22253777c68f/[PALLADIUM_3_1_A_5_76][MK][RZUT][Plan%20mieszkania]_l.jpg?width=276,2026-10-07,,warszawa|OSIEDLE PALLADIUM|A|A 76
warszawa,OSIEDLE PALLADIUM,A,,A 77,37.762,2 pokoje z aneksem,5 piętro,LOGGIA,,,False,/pl-pl/warszawa/mieszkanie?id=palladium_3_1_a_mk_77,/getmedia/6c322023-c484-4b54-af48-65f32bb957fd/[PALLADIUM_3_1_A_5_77][MK][RZUT][Plan%20mieszkania]_l.jpg?width=276,2026-10-07,,warszawa|OSIEDLE PALLADIUM|A|A 77
warszawa,OSIEDLE PALLADIUM,A,,A 78,37.762,2 pokoje z aneksem,5 piętro,LOGGIA,,,False,/pl-pl/warszawa/mieszkanie?id=palladium_3_1_a_mk_78,/getmedia/00fa9bc4-f232-420b-9d47-e9ae2c4049ed/[PALLADIUM_3_1_A_5_78][MK][RZUT][Plan%20mieszkania]_l.jpg?width=276,2026-10-07,,warszawa|OSIEDLE PALLADIUM|A|A 78
warszawa,OSIEDLE PALLADIUM,A,,A 79,37.622,2 pokoje z aneksem,5 piętro,LOGGIA,,,False,/pl-pl/warszawa/mieszkanie?id=palladium_3_1_a_mk_79,/getmedia/87785b2e-9ae8-47d9-b2e9-74d9b64c1555/[PALLADIUM_3_1_A_5_79][MK][RZUT][Plan%20mieszkania]_l.jpg?width=276,2026-10-07,,warszawa|OSIEDLE PALLADIUM|A|A 79
warszawa,OSIEDLE PALLADIUM,A,,A 80,56.652,3 pokoje z aneksem,5 piętro,LOGGIA,,,False,/pl-pl/warszawa/mieszkanie?id=palladium_3_1_a_mk_80,/getmedia/3af5812d-3f45-49c7-b5e0-2f96a029353d/[PALLADIUM_3_1_A_5_80][MK][RZUT][Plan%20mieszkania]_l.jpg?width=276,2026-10-07,,warszawa|OSIEDLE PALLADIUM|A|A 80
warszawa,OSIEDLE PALLADIUM,A,,A 81,54.142,3 pokoje z aneksem,5 piętro,BALKON,,,False,/pl-pl/warszawa/mieszkanie?id=palladium_3_1_a_mk_81,/getmedia/7ab6ef11-65b6-43dd-a7b6-3d865f0d68d9/[PALLADIUM_3_1_A_5_81][MK][RZUT][Plan%20mieszkania]_l.jpg?width=276,2026-10-07,,warszawa|OSIEDLE PALLADIUM|A|A 81
warszawa,OSIEDLE PALLADIUM,A,,A 82,54.852,3 pokoje z aneksem,6 piętro,BALKON,,,False,/pl-pl/warszawa/mieszkanie?id=palladium_3_1_a_mk_82,/getmedia/987f822b-dbd3-427b-b1cf-f91c10728487/[PALLADIUM_3_1_A_6_82][MK][RZUT][Plan%20mieszkania]_l.jpg?width=276,2026-10-07,,warszawa|OSIEDLE PALLADIUM|A|A 82
warszawa,OSIEDLE PALLADIUM,A,,A 83,55.122,3 pokoje z aneksem,6 piętro,BALKON,,,False,/pl-pl/warszawa/mieszkanie?id=palladium_3_1_a_mk_83,/getmedia/0919b7f3-d6db-4db7-8015-50d796bd8fef/[PALLADIUM_3_1_A_6_83][MK][RZUT][Plan%20mieszkania]_l.jpg?width=276,2026-10-07,,warszawa|OSIEDLE PALLADIUM|A|A 83
warszawa,OSIEDLE PALLADIUM,A,,A 84,54.992,3 pokoje z aneksem,6 piętro,LOGGIA,,,False,/pl-pl/warszawa/mieszkanie?id=palladium_3_1_a_mk_84,/getmedia/e2438e4a-c78a-4e92-b98c-6b5749b2c18c/[PALLADIUM_3_1_A_6_84][MK][RZUT][Plan%20mieszkania]_l.jpg?width=276,2026-10-07,,warszawa|OSIEDLE PALLADIUM|A|A 84
warszawa,OSIEDLE PALLADIUM,A,,A 85,37.762,2 pokoje z aneksem,6 piętro,LOGGIA,,,False,/pl-pl/warszawa/mieszkanie?id=palladium_3_1_a_mk_85,/getmedia/323f76ac-67e5-41a7-98ae-f35891b4531e/[PALLADIUM_3_1_A_6_85][MK][RZUT][Plan%20mieszkania]_l.jpg?width=276,2026-10-07,,warszawa|OSIEDLE PALLADIUM|A|A 85
warszawa,OSIEDLE PALLADIUM,A,,A 86,37.762,2 pokoje z aneksem,6 piętro,LOGGIA,,,False,/pl-pl/warszawa/mieszkanie?id=palladium_3_1_a_mk_86,/getmedia/b67d442a-449c-4781-befd-246674a0a1d1/[PALLADIUM_3_1_A_6_86][MK][RZUT][Plan%20mieszkania]_l.jpg?width=276,2026-10-07,,warszawa|OSIEDLE PALLADIUM|A|A 86
warszawa,OSIEDLE PALLADIUM,A,,A 87,37.762,2 pokoje z aneksem,6 piętro,LOGGIA,,,False,/pl-pl/warszawa/mieszkanie?id=palladium_3_1_a_mk_87,/getmedia/9649332d-55b8-4cb2-a9f9-d87241f4bc69/[PALLADIUM_3_1_A_6_87][MK][RZUT][Plan%20mieszkania]_l.jpg?width=276,2026-10-07,,warszawa|OSIEDLE PALLADIUM|A|A 87
warszawa,OSIEDLE PALLADIUM,A,,A 88,37.622,2 pokoje z aneksem,6 piętro,LOGGIA,,,False,/pl-pl/warszawa/mieszkanie?id=palladium_3_1_a_mk_88,/getmedia/bd88e29c-471f-4317-ada6-5f1a68d1b488/[PALLADIUM_3_1_A_6_88][MK][RZUT][Plan%20mieszkania]_l.jpg?width=276,2026-10-07,,warszawa|OSIEDLE PALLADIUM|A|A 88
warszawa,OSIEDLE PALLADIUM,A,,A 89,56.442,3 pokoje z aneksem,6 piętro,LOGGIA,,,False,/pl-pl/warszawa/mieszkanie?id=palladium_3_1_a_mk_89,/getmedia/41eb5cf8-cbb6-4cda-a71e-fbc9d4e64b87/[PALLADIUM_3_1_A_6_89][MK][RZUT][Plan%20mieszkania]_l.jpg?width=276,2026-10-07,,warszawa|OSIEDLE PALLADIUM|A|A 89
warszawa,OSIEDLE PALLADIUM,A,,A 90,54.192,3 pokoje z aneksem,6 piętro,BALKON,,,False,/pl-pl/warszawa/mieszkanie?id=palladium_3_1_a_mk_90,/getmedia/bab5c76d-53e6-4d55-a90b-3a1bcf2f491d/[PALLADIUM_3_1_A_6_90][MK][RZUT][Plan%20mieszkania]_l.jpg?width=276,2026-10-07,,warszawa|OSIEDLE PALLADIUM|A|A 90
warszawa,OSIEDLE PALLADIUM,A,,A 91,54.852,3 pokoje z aneksem,7 piętro,BALKON,,,False,/pl-pl/warszawa/mieszkanie?id=palladium_3_1_a_mk_91,/getmedia/a31cbeff-d652-4652-8aa1-2bdcdf5a5088/[PALLADIUM_3_1_A_7_91][MK][RZUT][Plan%20mieszkania]_l.jpg?width=276,2026-10-07,,warszawa|OSIEDLE PALLADIUM|A|A 91
warszawa,OSIEDLE PALLADIUM,A,,A 92,55.182,3 pokoje z aneksem,7 piętro,BALKON,,,False,/pl-pl/warszawa/mieszkanie?id=palladium_3_1_a_mk_92,/getmedia/243d2499-1a00-4541-9e1e-3031236c8de1/[PALLADIUM_3_1_A_7_92][MK][RZUT][Plan%20mieszkania]_l.jpg?width=276,2026-10-07,,warszawa|OSIEDLE PALLADIUM|A|A 92
warszawa,OSIEDLE PALLADIUM,A,,A 93,54.992,3 pokoje z aneksem,7 piętro,LOGGIA,,,False,/pl-pl/warszawa/mieszkanie?id=palladium_3_1_a_mk_93,/getmedia/3aa3cf5f-f69c-4333-8bb4-1e2b01d1d47a/[PALLADIUM_3_1_A_7_93][MK][RZUT][Plan%20mieszkania]_l.jpg?width=276,2026-10-07,,warszawa|OSIEDLE PALLADIUM|A|A 93
warszawa,OSIEDLE PALLADIUM,A,,A 94,37.762,2 pokoje z aneksem,7 piętro,LOGGIA,,,False,/pl-pl/warszawa/mieszkanie?id=palladium_3_1_a_mk_94,/getmedia/a0c3e175-76b6-4252-9737-b94a46116e48/[PALLADIUM_3_1_A_7_94][MK][RZUT][Plan%20mieszkania]_l.jpg?width=276,2026-10-07,,warszawa|OSIEDLE PALLADIUM|A|A 94
warszawa,OSIEDLE PALLADIUM,A,,A 95,37.762,2 pokoje z aneksem,7 piętro,LOGGIA,,,False,/pl-pl/warszawa/mieszkanie?id=palladium_3_1_a_mk_95,/getmedia/db4ea150-fe82-4877-8cc7-eb835faff996/[PALLADIUM_3_1_A_7_95][MK][RZUT][Plan%20mieszkania]_l.jpg?width=276,2026-10-07,,warszawa|OSIEDLE PALLADIUM|A|A 95
warszawa,OSIEDLE PALLADIUM,A,,A 96,37.762,2 pokoje z aneksem,7 piętro,LOGGIA,,,False,/pl-pl/warszawa/mieszkanie?id=palladium_3_1_a_mk_96,/getmedia/9b0736a9-3a26-4a7b-938e-160ed2794dd2/[PALLADIUM_3_1_A_7_96][MK][RZUT][Plan%20mieszkania]_l.jpg?width=276,2026-10-07,,warszawa|OSIEDLE PALLADIUM|A|A 96
warszawa,OSIEDLE PALLADIUM,A,,A 97,106.032,5 pokoi z aneksem,7 piętro,BALKON,,,False,/pl-pl/warszawa/mieszkanie?id=palladium_3_1_a_mk_97,/getmedia/0fd4be9d-ff9f-4e16-b827-3ec65d523d24/[PALLADIUM_3_1_A_7_97][MK][RZUT][Plan%20mieszkania]_l.jpg?width=276,2026-10-07,,warszawa|OSIEDLE PALLADIUM|A|A 97
warszawa,OSIEDLE PALLADIUM,B,,B 1,37.182,2 pokoje z aneksem,Parter,,,,False,/pl-pl/warszawa/mieszkanie?id=palladium_3_1_b_mk_1,/getmedia/05c21031-79a2-4236-96cf-97eeb2830b98/[PALLADIUM_3_1_B_0_1][MK][RZUT][Plan%20mieszkania]_l.jpg?width=276,2026-10-07,,warszawa|OSIEDLE PALLADIUM|B|B 1
warszawa,OSIEDLE PALLADIUM,B,,B 2,56.752,3 pokoje z aneksem,Parter,,,,False,/pl-pl/warszawa/mieszkanie?id=palladium_3_1_b_mk_2,/getmedia/4fe1697c-7ec7-4a11-85df-899aaadbf57f/[PALLADIUM_3_1_B_0_2][MK][RZUT][Plan%20mieszkania]_l.jpg?width=276,2026-10-07,,warszawa|OSIEDLE PALLADIUM|B|B 2
warszawa,OSIEDLE PALLADIUM,B,,B 3,57.472,3 pokoje z aneksem,1 piętro,LOGGIA,,,False,/pl-pl/warszawa/mieszkanie?id=palladium_3_1_b_mk_3,/getmedia/b9a9347c-7995-4ec2-9b42-3f085ccaff3a/[PALLADIUM_3_1_B_1_3][MK][RZUT][Plan%20mieszkania]_l.jpg?width=276,2026-10-07,,warszawa|OSIEDLE PALLADIUM|B|B 3
warszawa,OSIEDLE PALLADIUM,B,,B 4,37.692,2 pokoje z aneksem,1 piętro,LOGGIA,,,False,/pl-pl/warszawa/mieszkanie?id=palladium_3_1_b_mk_4,/getmedia/d369764c-4ed2-42f8-8be0-34ba93e9e8e1/[PALLADIUM_3_1_B_1_4][MK][RZUT][Plan%20mieszkania]_l.jpg?width=276,2026-10-07,,warszawa|OSIEDLE PALLADIUM|B|B 4
warszawa,OSIEDLE PALLADIUM,B,,B 5,54.112,3 pokoje z aneksem,1 piętro,LOGGIA,,,False,/pl-pl/warszawa/mieszkanie?id=palladium_3_1_b_mk_5,/getmedia/6d4acb5a-ca81-42d5-92af-148461310bb9/[PALLADIUM_3_1_B_1_5][MK][RZUT][Plan%20mieszkania]_l.jpg?width=276,2026-10-07,,warszawa|OSIEDLE PALLADIUM|B|B 5
warszawa,OSIEDLE PALLADIUM,B,,B 6,37.312,2 pokoje z aneksem,1 piętro,BALKON,,,False,/pl-pl/warszawa/mieszkanie?id=palladium_3_1_b_mk_6,/getmedia/31be6516-22f7-4815-acbc-9d055113864a/[PALLADIUM_3_1_B_1_6][MK][RZUT][Plan%20mieszkania]_l.jpg?width=276,2026-10-07,,warszawa|OSIEDLE PALLADIUM|B|B 6
warszawa,OSIEDLE PALLADIUM,B,,B 7,71.372,4 pokoje z aneksem,1 piętro,BALKON,,,False,/pl-pl/warszawa/mieszkanie?id=palladium_3_1_b_mk_7,/getmedia/41539b31-6070-42c3-958c-f80a10e4827b/[PALLADIUM_3_1_B_1_7][MK][RZUT][Plan%20mieszkania]_l.jpg?width=276,2026-10-07,,warszawa|OSIEDLE PALLADIUM|B|B 7
warszawa,OSIEDLE PALLADIUM,B,,B 8,57.572,3 pokoje z aneksem,2 piętro,LOGGIA,,,False,/pl-pl/warszawa/mieszkanie?id=palladium_3_1_b_mk_8,/getmedia/efd909b6-28b4-4c24-9591-d837fc4a4073/[PALLADIUM_3_1_B_2_8][MK][RZUT][Plan%20mieszkania]_l.jpg?width=276,2026-10-07,,warszawa|OSIEDLE PALLADIUM|B|B 8
warszawa,OSIEDLE PALLADIUM,B,,B 9,37.692,2 pokoje z aneksem,2 piętro,LOGGIA,,,False,/pl-pl/warszawa/mieszkanie?id=palladium_3_1_b_mk_9,/getmedia/78135e78-21f9-46b3-a87b-7b899ef12a54/[PALLADIUM_3_1_B_2_9][MK][RZUT][Plan%20mieszkania]_l.jpg?width=276,2026-10-07,,warszawa|OSIEDLE PALLADIUM|B|B 9
warszawa,OSIEDLE PALLADIUM,B,,B 10,54.112,3 pokoje z aneksem,2 piętro,LOGGIA,,,False,/pl-pl/warszawa/mieszkanie?id=palladium_3_1_b_mk_10,/getmedia/35c497aa-5280-4f8f-a4be-ce809e61da04/[PALLADIUM_3_1_B_2_10][MK][RZUT][Plan%20mieszkania]_l.jpg?width=276,2026-10-07,,warszawa|OSIEDLE PALLADIUM|B|B 10
warszawa,OSIEDLE PALLADIUM,B,,B 11,37.312,2 pokoje z aneksem,2 piętro,BALKON,,,False,/pl-pl/warszawa/mieszkanie?id=palladium_3_1_b_mk_11,/getmedia/524ee530-570b-4adb-9b43-6c2b90d35f62/[PALLADIUM_3_1_B_2_11][MK][RZUT][Plan%20mieszkania]_l.jpg?width=276,2026-10-07,,warszawa|OSIEDLE PALLADIUM|B|B 11
warszawa,OSIEDLE PALLADIUM,B,,B 12,71.372,4 pokoje z aneksem,2 piętro,BALKON,,,False,/pl-pl/warszawa/mieszkanie?id=palladium_3_1_b_mk_12,/getmedia/a9e30cda-0247-47d3-9a95-9141ba27bdb4/[PALLADIUM_3_1_B_2_12][MK][RZUT][Plan%20mieszkania]_l.jpg?width=276,2026-10-07,,warszawa|OSIEDLE PALLADIUM|B|B 12
warszawa,OSIEDLE PALLADIUM,B,,B 13,57.572,3 pokoje z aneksem,3 piętro,LOGGIA,,,False,/pl-pl/warszawa/mieszkanie?id=palladium_3_1_b_mk_13,/getmedia/24acff08-e02c-4ba9-99da-dea18abbf366/[PALLADIUM_3_1_B_3_13][MK][RZUT][Plan%20mieszkania]_l.jpg?width=276,2026-10-07,,warszawa|OSIEDLE PALLADIUM|B|B 13
warszawa,OSIEDLE PALLADIUM,B,,B 14,37.942,2 pokoje z aneksem,3 piętro,LOGGIA,,,False,/pl-pl/warszawa/mieszkanie?id=palladium_3_1_b_mk_14,/getmedia/69cc34e1-9cef-414d-8a5f-07c4e4ee3ccd/[PALLADIUM_3_1_B_3_14][MK][RZUT][Plan%20mieszkania]_l.jpg?width=276,2026-10-07,,warszawa|OSIEDLE PALLADIUM|B|B 14
warszawa,OSIEDLE PALLADIUM,B,,B 15,54.112,3 pokoje z aneksem,3 piętro,LOGGIA,,,False,/pl-pl/warszawa/mieszkanie?id=palladium_3_1_b_mk_15,/getmedia/652af41a-0bcd-4702-aef7-f640156653fa/[PALLADIUM_3_1_B_3_15][MK][RZUT][Plan%20mieszkania]_l.jpg?width=276,2026-10-07,,warszawa|OSIEDLE PALLADIUM|B|B 15
warszawa,OSIEDLE PALLADIUM,B,,B 16,37.502,2 pokoje z aneksem,3 piętro,BALKON,,,False,/pl-pl/warszawa/mieszkanie?id=palladium_3_1_b_mk_16,/getmedia/870d9505-94b4-4d6d-84d4-5570d3222570/[PALLADIUM_3_1_B_3_16][MK][RZUT][Plan%20mieszkania]_l.jpg?width=276,2026-10-07,,warszawa|OSIEDLE PALLADIUM|B|B 16
warszawa,OSIEDLE PALLADIUM,B,,B 17,71.372,4 pokoje z aneksem,3 piętro,BALKON,,,False,/pl-pl/warszawa/mieszkanie?id=palladium_3_1_b_mk_17,/getmedia/94fb5b95-0234-42da-b4bb-cb576e40b49a/[PALLADIUM_3_1_B_3_17][MK][RZUT][Plan%20mieszkania]_l.jpg?width=276,2026-10-07,,warszawa|OSIEDLE PALLADIUM|B|B 17
warszawa,OSIEDLE PALLADIUM,B,,B 18,57.572,3 pokoje z aneksem,4 piętro,LOGGIA,,,False,/pl-pl/warszawa/mieszkanie?id=palladium_3_1_b_mk_18,/getmedia/ef318d13-1c63-4b1c-91ad-73135aa94d32/[PALLADIUM_3_1_B_4_18][MK][RZUT][Plan%20mieszkania]_l.jpg?width=276,2026-10-07,,warszawa|OSIEDLE PALLADIUM|B|B 18
warszawa,OSIEDLE PALLADIUM,B,,B 19,37.942,2 pokoje z aneksem,4 piętro,LOGGIA,,,False,/pl-pl/warszawa/mieszkanie?id=palladium_3_1_b_mk_19,/getmedia/a426da45-4b98-4585-a32a-a9675bfb287b/[PALLADIUM_3_1_B_4_19][MK][RZUT][Plan%20mieszkania]_l.jpg?width=276,2026-10-07,,warszawa|OSIEDLE PALLADIUM|B|B 19
warszawa,OSIEDLE PALLADIUM,B,,B 20,54.112,3 pokoje z aneksem,4 piętro,LOGGIA,,,False,/pl-pl/warszawa/mieszkanie?id=palladium_3_1_b_mk_20,/getmedia/eac0d722-5c08-469d-9f71-acf1fa9051f6/[PALLADIUM_3_1_B_4_20][MK][RZUT][Plan%20mieszkania]_l.jpg?width=276,2026-10-07,,warszawa|OSIEDLE PALLADIUM|B|B 20
warszawa,OSIEDLE PALLADIUM,B,,B 21,37.502,2 pokoje z aneksem,4 piętro,BALKON,,,False,/pl-pl/warszawa/mieszkanie?id=palladium_3_1_b_mk_21,/getmedia/393cf904-f89f-498c-bbf1-4d623f83bb7e/[PALLADIUM_3_1_B_4_21][MK][RZUT][Plan%20mieszkania]_l.jpg?width=276,2026-10-07,,warszawa|OSIEDLE PALLADIUM|B|B 21
warszawa,OSIEDLE PALLADIUM,B,,B 22,71.782,4 pokoje z aneksem,4 piętro,BALKON,,,False,/pl-pl/warszawa/mieszkanie?id=palladium_3_1_b_mk_22,/getmedia/eb145fdb-44dc-406c-9b9f-9ce7e7e5b077/[PALLADIUM_3_1_B_4_22][MK][RZUT][Plan%20mieszkania]_l.jpg?width=276,2026-10-07,,warszawa|OSIEDLE PALLADIUM|B|B 22
warszawa,OSIEDLE PALLADIUM,B,,B 23,57.572,3 pokoje z aneksem,5 piętro,LOGGIA,,,False,/pl-pl/warszawa/mieszkanie?id=palladium_3_1_b_mk_23,/getmedia/e21f1a60-3c36-476f-b8e2-1f64b2079c2f/[PALLADIUM_3_1_B_5_23][MK][RZUT][Plan%20mieszkania]_l.jpg?width=276,2026-10-07,,warszawa|OSIEDLE PALLADIUM|B|B 23
warszawa,OSIEDLE PALLADIUM,B,,B 24,37.942,2 pokoje z aneksem,5 piętro,LOGGIA,,,False,/pl-pl/warszawa/mieszkanie?id=palladium_3_1_b_mk_24,/getmedia/1db3c23f-4670-4029-8fa8-813d0e60b159/[PALLADIUM_3_1_B_5_24][MK][RZUT][Plan%20mieszkania]_l.jpg?width=276,2026-10-07,,warszawa|OSIEDLE PALLADIUM|B|B 24
warszawa,OSIEDLE PALLADIUM,B,,B 25,54.112,3 pokoje z aneksem,5 piętro,LOGGIA,,,False,/pl-pl/warszawa/mieszkanie?id=palladium_3_1_b_mk_25,/getmedia/4018e641-6ea0-4f19-b1c6-b8eedc44c1eb/[PALLADIUM_3_1_B_5_25][MK][RZUT][Plan%20mieszkania]_l.jpg?width=276,2026-10-07,,warszawa|OSIEDLE PALLADIUM|B|B 25
warszawa,OSIEDLE PALLADIUM,B,,B 26,37.502,2 pokoje z aneksem,5 piętro,BALKON,,,False,/pl-pl/warszawa/mieszkanie?id=palladium_3_1_b_mk_26,/getmedia/64325456-20ab-4a58-90f5-817865ec9588/[PALLADIUM_3_1_B_5_26][MK][RZUT][Plan%20mieszkania]_l.jpg?width=276,2026-10-07,,warszawa|OSIEDLE PALLADIUM|B|B 26
warszawa,OSIEDLE PALLADIUM,B,,B 27,71.782,4 pokoje z aneksem,5 piętro,BALKON,,,False,/pl-pl/warszawa/mieszkanie?id=palladium_3_1_b_mk_27,/getmedia/9825e12b-a6bd-413f-945d-99260762edff/[PALLADIUM_3_1_B_5_27][MK][RZUT][Plan%20mieszkania]_l.jpg?width=276,2026-10-07,,warszawa|OSIEDLE PALLADIUM|B|B 27
warszawa,OSIEDLE PALLADIUM,B,,B 28,57.572,3 pokoje z aneksem,6 piętro,LOGGIA,,,False,/pl-pl/warszawa/mieszkanie?id=palladium_3_1_b_mk_28,/getmedia/c35adaa4-bc01-4eb0-a840-f9ac97b93d96/[PALLADIUM_3_1_B_6_28][MK][RZUT][Plan%20mieszkania]_l.jpg?width=276,2026-10-07,,warszawa|OSIEDLE PALLADIUM|B|B 28
warszawa,OSIEDLE PALLADIUM,B,,B 29,37.942,2 pokoje z aneksem,6 piętro,LOGGIA,,,False,/pl-pl/warszawa/mieszkanie?id=palladium_3_1_b_mk_29,/getmedia/6fe470df-7535-4d53-9551-c79f2dd4d36d/[PALLADIUM_3_1_B_6_29][MK][RZUT][Plan%20mieszkania]_l.jpg?width=276,2026-10-07,,warszawa|OSIEDLE PALLADIUM|B|B 29
warszawa,OSIEDLE PALLADIUM,B,,B 30,54.112,3 pokoje z aneksem,6 piętro,LOGGIA,,,False,/pl-pl/warszawa/mieszkanie?id=palladium_3_1_b_mk_30,/getmedia/29aa23d0-c55c-484f-8877-62b4619d5d22/[PALLADIUM_3_1_B_6_30][MK][RZUT][Plan%20mieszkania]_l.jpg?width=276,2026-10-07,,warszawa|OSIEDLE PALLADIUM|B|B 30
warszawa,OSIEDLE PALLADIUM,B,,B 31,37.502,2 pokoje z aneksem,6 piętro,BALKON,,,False,/pl-pl/warszawa/mieszkanie?id=palladium_3_1_b_mk_31,/getmedia/48a1c318-39f7-4ad4-b3db-6583cd928649/[PALLADIUM_3_1_B_6_31][MK][RZUT][Plan%20mieszkania]_l.jpg?width=276,2026-10-07,,warszawa|OSIEDLE PALLADIUM|B|B 31
warszawa,OSIEDLE PALLADIUM,B,,B 32,71.782,4 pokoje z aneksem,6 piętro,BALKON,,,False,/pl-pl/warszawa/mieszkanie?id=palladium_3_1_b_mk_32,/getmedia/0f14cd09-a014-466a-99ec-28c276c7815a/[PALLADIUM_3_1_B_6_32][MK][RZUT][Plan%20mieszkania]_l.jpg?width=276,2026-10-07,,warszawa|OSIEDLE PALLADIUM|B|B 32
warszawa,OSIEDLE PALLADIUM,B,,B 33,97.882,5 pokoi z aneksem,7 piętro,LOGGIA,,,False,/pl-pl/warszawa/mieszkanie?id=palladium_3_1_b_mk_33,/getmedia/081fa640-acd8-43db-8df8-8ddf2cc5c0c8/[PALLADIUM_3_1_B_7_33][MK][RZUT][Plan%20mieszkania]_l.jpg?width=276,2026-10-07,,warszawa|OSIEDLE PALLADIUM|B|B 33
warszawa,OSIEDLE PALLADIUM,B,,B 34,37.552,2 pokoje z aneksem,7 piętro,BALKON,,,False,/pl-pl/warszawa/mieszkanie?id=palladium_3_1_b_mk_34,/getmedia/e0fe9775-05d0-4c70-9926-9f3c4fcd7f1e/[PALLADIUM_3_1_B_7_34][MK][RZUT][Plan%20mieszkania]_l.jpg?width=276,2026-10-07,,warszawa|OSIEDLE PALLADIUM|B|B 34
warszawa,OSIEDLE PALLADIUM,B,,B 35,71.792,4 pokoje z aneksem,7 piętro,BALKON,,,False,/pl-pl/warszawa/mieszkanie?id=palladium_3_1_b_mk_35,/getmedia/61c7e5a9-a02d-4154-97fe-3465c04c9956/[PALLADIUM_3_1_B_7_35][MK][RZUT][Plan%20mieszkania]_l.jpg?width=276,2026-10-07,,warszawa|OSIEDLE PALLADIUM|B|B 35
warszawa,OSIEDLE PALLADIUM,B,,B 36,54.502,3 pokoje z aneksem,Parter,,,,False,/pl-pl/warszawa/mieszkanie?id=palladium_3_1_b_mk_36,/getmedia/e1ebf69a-8de9-4641-aa17-2ca1f9cfa780/[PALLADIUM_3_1_B_0_36][MK][RZUT][Plan%20mieszkania]_l.jpg?width=276,2026-10-07,,warszawa|OSIEDLE PALLADIUM|B|B 36
warszawa,OSIEDLE PALLADIUM,B,,B 37,38.912,2 pokoje z aneksem,Parter,,,,False,/pl-pl/warszawa/mieszkanie?id=palladium_3_1_b_mk_37,/getmedia/ab571e6e-622c-4d87-b83e-f2e2d1070be8/[PALLADIUM_3_1_B_0_37][MK][RZUT][Plan%20mieszkania]_l.jpg?width=276,2026-10-07,,warszawa|OSIEDLE PALLADIUM|B|B 37
warszawa,OSIEDLE PALLADIUM,B,,B 38,54.062,3 pokoje z aneksem,Parter,,,,False,/pl-pl/warszawa/mieszkanie?id=palladium_3_1_b_mk_38,/getmedia/c3cbf93c-6ce7-42f5-8340-1e572b62414d/[PALLADIUM_3_1_B_0_38][MK][RZUT][Plan%20mieszkania]_l.jpg?width=276,2026-10-07,,warszawa|OSIEDLE PALLADIUM|B|B 38
warszawa,OSIEDLE PALLADIUM,B,,B 39,54.572,3 pokoje z aneksem,1 piętro,BALKON,,,False,/pl-pl/warszawa/mieszkanie?id=palladium_3_1_b_mk_39,/getmedia/18044959-69bb-44a8-9652-8d451cfd142c/[PALLADIUM_3_1_B_1_39][MK][RZUT][Plan%20mieszkania]_l.jpg?width=276,2026-10-07,,warszawa|OSIEDLE PALLADIUM|B|B 39
warszawa,OSIEDLE PALLADIUM,B,,B 40,39.012,2 pokoje z aneksem,1 piętro,BALKON,,,False,/pl-pl/warszawa/mieszkanie?id=palladium_3_1_b_mk_40,/getmedia/3e5924fb-ad4c-4312-8b9d-3b368b9a6b94/[PALLADIUM_3_1_B_1_40][MK][RZUT][Plan%20mieszkania]_l.jpg?width=276,2026-10-07,,warszawa|OSIEDLE PALLADIUM|B|B 40
warszawa,OSIEDLE PALLADIUM,B,,B 41,38.642,2 pokoje z aneksem,1 piętro,LOGGIA,,,False,/pl-pl/warszawa/mieszkanie?id=palladium_3_1_b_mk_41,/getmedia/c917960f-5782-4f15-91da-9910490f81f4/[PALLADIUM_3_1_B_1_41][MK][RZUT][Plan%20mieszkania]_l.jpg?width=276,2026-10-07,,warszawa|OSIEDLE PALLADIUM|B|B 41
warszawa,OSIEDLE PALLADIUM,B,,B 42,37.372,2 pokoje z aneksem,1 piętro,LOGGIA,,,False,/pl-pl/warszawa/mieszkanie?id=palladium_3_1_b_mk_42,/getmedia/d4a0f58a-e4ef-4478-8f56-4c7600adc066/[PALLADIUM_3_1_B_1_42][MK][RZUT][Plan%20mieszkania]_l.jpg?width=276,2026-10-07,,warszawa|OSIEDLE PALLADIUM|B|B 42
warszawa,OSIEDLE PALLADIUM,B,,B 43,37.352,2 pokoje z aneksem,1 piętro,LOGGIA,,,False,/pl-pl/warszawa/mieszkanie?id=palladium_3_1_b_mk_43,/getmedia/b10c0c58-ca2a-4105-96f9-658324918cca/[PALLADIUM_3_1_B_1_43][MK][RZUT][Plan%20mieszkania]_l.jpg?width=276,2026-10-07,,warszawa|OSIEDLE PALLADIUM|B|B 43
warszawa,OSIEDLE PALLADIUM,B,,B 44,37.372,2 pokoje z aneksem,1 piętro,LOGGIA,,,False,/pl-pl/warszawa/mieszkanie?id=palladium_3_1_b_mk_44,/getmedia/2333558d-1c86-461b-baf6-45e5dcb5b41c/[PALLADIUM_3_1_B_1_44][MK][RZUT][Plan%20mieszkania]_l.jpg?width=276,2026-10-07,,warszawa|OSIEDLE PALLADIUM|B|B 44
warszawa,OSIEDLE PALLADIUM,B,,B 45,37.402,2 pokoje z aneksem,1 piętro,LOGGIA,,,False,/pl-pl/warszawa/mieszkanie?id=palladium_3_1_b_mk_45,/getmedia/29660472-1421-4324-84a6-5c7bd4210485/[PALLADIUM_3_1_B_1_45][MK][RZUT][Plan%20mieszkania]_l.jpg?width=276,2026-10-07,,warszawa|OSIEDLE PALLADIUM|B|B 45
warszawa,OSIEDLE PALLADIUM,B,,B 46,56.362,3 pokoje z aneksem,1 piętro,LOGGIA,,,False,/pl-pl/warszawa/mieszkanie?id=palladium_3_1_b_mk_46,/getmedia/20f2a0ed-91c1-4b73-9e7c-470b5e416063/[PALLADIUM_3_1_B_1_46][MK][RZUT][Plan%20mieszkania]_l.jpg?width=276,2026-10-07,,warszawa|OSIEDLE PALLADIUM|B|B 46
warszawa,OSIEDLE PALLADIUM,B,,B 47,54.142,3 pokoje z aneksem,1 piętro,BALKON,,,False,/pl-pl/warszawa/mieszkanie?id=palladium_3_1_b_mk_47,/getmedia/5b9a9e7f-da8b-416b-b668-d8bb58d444b9/[PALLADIUM_3_1_B_1_47][MK][RZUT][Plan%20mieszkania]_l.jpg?width=276,2026-10-07,,warszawa|OSIEDLE PALLADIUM|B|B 47
warszawa,OSIEDLE PALLADIUM,B,,B 48,54.572,3 pokoje z aneksem,2 piętro,BALKON,,,False,/pl-pl/warszawa/mieszkanie?id=palladium_3_1_b_mk_48,/getmedia/c3ca57a5-de7b-4e47-98dc-4d231e6cecd9/[PALLADIUM_3_1_B_2_48][MK][RZUT][Plan%20mieszkania]_l.jpg?width=276,2026-10-07,,warszawa|OSIEDLE PALLADIUM|B|B 48
warszawa,OSIEDLE PALLADIUM,B,,B 49,39.072,2 pokoje z aneksem,2 piętro,BALKON,,,False,/pl-pl/warszawa/mieszkanie?id=palladium_3_1_b_mk_49,/getmedia/7a48f7e0-8d49-4afc-ac69-58e754233813/[PALLADIUM_3_1_B_2_49][MK][RZUT][Plan%20mieszkania]_l.jpg?width=276,2026-10-07,,warszawa|OSIEDLE PALLADIUM|B|B 49
warszawa,OSIEDLE PALLADIUM,B,,B 50,38.762,2 pokoje z aneksem,2 piętro,LOGGIA,,,False,/pl-pl/warszawa/mieszkanie?id=palladium_3_1_b_mk_50,/getmedia/33543ac6-0aff-4d1c-b150-dd6a5b7af0a3/[PALLADIUM_3_1_B_2_50][MK][RZUT][Plan%20mieszkania]_l.jpg?width=276,2026-10-07,,warszawa|OSIEDLE PALLADIUM|B|B 50
warszawa,OSIEDLE PALLADIUM,B,,B 51,37.502,2 pokoje z aneksem,2 piętro,LOGGIA,,,False,/pl-pl/warszawa/mieszkanie?id=palladium_3_1_b_mk_51,/getmedia/d5415bf6-37dc-4e12-a5e0-3111a90a5b64/[PALLADIUM_3_1_B_2_51][MK][RZUT][Plan%20mieszkania]_l.jpg?width=276,2026-10-07,,warszawa|OSIEDLE PALLADIUM|B|B 51
warszawa,OSIEDLE PALLADIUM,B,,B 52,37.502,2 pokoje z aneksem,2 piętro,LOGGIA,,,False,/pl-pl/warszawa/mieszkanie?id=palladium_3_1_b_mk_52,/getmedia/3f633123-21b5-44a0-8ce1-bfd5d54879dd/[PALLADIUM_3_1_B_2_52][MK][RZUT][Plan%20mieszkania]_l.jpg?width=276,2026-10-07,,warszawa|OSIEDLE PALLADIUM|B|B 52
warszawa,OSIEDLE PALLADIUM,B,,B 53,37.502,2 pokoje z aneksem,2 piętro,LOGGIA,,,False,/pl-pl/warszawa/mieszkanie?id=palladium_3_1_b_mk_53,/getmedia/f05907aa-f755-44a1-ba07-3f405fe3a92c/[PALLADIUM_3_1_B_2_53][MK][RZUT][Plan%20mieszkania]_l.jpg?width=276,2026-10-07,,warszawa|OSIEDLE PALLADIUM|B|B 53
warszawa,OSIEDLE PALLADIUM,B,,B 54,37.362,2 pokoje z aneksem,2 piętro,LOGGIA,,,False,/pl-pl/warszawa/mieszkanie?id=palladium_3_1_b_mk_54,/getmedia/de2dfbde-511b-4e7b-aed4-c74fb9f58876/[PALLADIUM_3_1_B_2_54][MK][RZUT][Plan%20mieszkania]_l.jpg?width=276,2026-10-07,,warszawa|OSIEDLE PALLADIUM|B|B 54
warszawa,OSIEDLE PALLADIUM,B,,B 55,56.362,3 pokoje z aneksem,2 piętro,LOGGIA,,,False,/pl-pl/warszawa/mieszkanie?id=palladium_3_1_b_mk_55,/getmedia/25d0e200-0523-4fec-9e31-844f6c608dba/[PALLADIUM_3_1_B_2_55][MK][RZUT][Plan%20mieszkania]_l.jpg?width=276,2026-10-07,,warszawa|OSIEDLE PALLADIUM|B|B 55
warszawa,OSIEDLE PALLADIUM,B,,B 56,54.142,3 pokoje z aneksem,2 piętro,BALKON,,,False,/pl-pl/warszawa/mieszkanie?id=palladium_3_1_b_mk_56,/getmedia/111f4a47-64e6-4aa0-b83d-c6c8bc432d41/[PALLADIUM_3_1_B_2_56][MK][RZUT][Plan%20mieszkania]_l.jpg?width=276,2026-10-07,,warszawa|OSIEDLE PALLADIUM|B|B 56
warszawa,OSIEDLE PALLADIUM,B,,B 57,54.572,3 pokoje z aneksem,3 piętro,BALKON,,,False,/pl-pl/warszawa/mieszkanie?id=palladium_3_1_b_mk_57,/getmedia/3514e5f7-a065-4381-8d87-5878d187bfd9/[PALLADIUM_3_1_B_3_57][MK][RZUT][Plan%20mieszkania]_l.jpg?width=276,2026-10-07,,warszawa|OSIEDLE PALLADIUM|B|B 57
warszawa,OSIEDLE PALLADIUM,B,,B 58,39.072,2 pokoje z aneksem,3 piętro,BALKON,,,False,/pl-pl/warszawa/mieszkanie?id=palladium_3_1_b_mk_58,/getmedia/f64c6846-d5f8-41b1-b18d-457b7cb88d51/[PALLADIUM_3_1_B_3_58][MK][RZUT][Plan%20mieszkania]_l.jpg?width=276,2026-10-07,,warszawa|OSIEDLE PALLADIUM|B|B 58
warszawa,OSIEDLE PALLADIUM,B,,B 59,38.762,2 pokoje z aneksem,3 piętro,LOGGIA,,,False,/pl-pl/warszawa/mieszkanie?id=palladium_3_1_b_mk_59,/getmedia/c2bbaa71-ffab-4c1a-8465-01ed418f46c5/[PALLADIUM_3_1_B_3_59][MK][RZUT][Plan%20mieszkania]_l.jpg?width=276,2026-10-07,,warszawa|OSIEDLE PALLADIUM|B|B 59
warszawa,OSIEDLE PALLADIUM,B,,B 60,37.502,2 pokoje z aneksem,3 piętro,LOGGIA,,,False,/pl-pl/warszawa/mieszkanie?id=palladium_3_1_b_mk_60,/getmedia/6bf74631-78a2-4ee4-a9a8-2d35860d569d/[PALLADIUM_3_1_B_3_60][MK][RZUT][Plan%20mieszkania]_l.jpg?width=276,2026-10-07,,warszawa|OSIEDLE PALLADIUM|B|B 60
warszawa,OSIEDLE PALLADIUM,B,,B 61,37.502,2 pokoje z aneksem,3 piętro,LOGGIA,,,False,/pl-pl/warszawa/mieszkanie?id=palladium_3_1_b_mk_61,/getmedia/ea08d9e2-24fc-4b6d-a6a6-f120e5be6f37/[PALLADIUM_3_1_B_3_61][MK][RZUT][Plan%20mieszkania]_l.jpg?width=276,2026-10-07,,warszawa|OSIEDLE PALLADIUM|B|B 61
warszawa,OSIEDLE PALLADIUM,B,,B 62,37.502,2 pokoje z aneksem,3 piętro,LOGGIA,,,False,/pl-pl/warszawa/mieszkanie?id=palladium_3_1_b_mk_62,/getmedia/1d14c8bc-2d0c-4e82-adc4-ca8fc8c1e255/[PALLADIUM_3_1_B_3_62][MK][RZUT][Plan%20mieszkania]_l.jpg?width=276,2026-10-07,,warszawa|OSIEDLE PALLADIUM|B|B 62
warszawa,OSIEDLE PALLADIUM,B,,B 63,37.362,2 pokoje z aneksem,3 piętro,LOGGIA,,,False,/pl-pl/warszawa/mieszkanie?id=palladium_3_1_b_mk_63,/getmedia/45c568e2-6bcd-47f9-976f-22a1e701ce6d/[PALLADIUM_3_1_B_3_63][MK][RZUT][Plan%20mieszkania]_l.jpg?width=276,2026-10-07,,warszawa|OSIEDLE PALLADIUM|B|B 63
warszawa,OSIEDLE PALLADIUM,B,,B 64,56.352,3 pokoje z aneksem,3 piętro,LOGGIA,,,False,/pl-pl/warszawa/mieszkanie?id=palladium_3_1_b_mk_64,/getmedia/d51c19d8-be8d-4a2b-b43f-27a96b39e45c/[PALLADIUM_3_1_B_3_64][MK][RZUT][Plan%20mieszkania]_l.jpg?width=276,2026-10-07,,warszawa|OSIEDLE PALLADIUM|B|B 64
warszawa,OSIEDLE PALLADIUM,B,,B 65,54.142,3 pokoje z aneksem,3 piętro,BALKON,,,False,/pl-pl/warszawa/mieszkanie?id=palladium_3_1_b_mk_65,/getmedia/87430e2f-4751-4012-b23a-a00fb37ed310/[PALLADIUM_3_1_B_3_65][MK][RZUT][Plan%20mieszkania]_l.jpg?width=276,2026-10-07,,warszawa|OSIEDLE PALLADIUM|B|B 65
warszawa,OSIEDLE PALLADIUM,B,,B 66,54.972,3 pokoje z aneksem,4 piętro,BALKON,,,False,/pl-pl/warszawa/mieszkanie?id=palladium_3_1_b_mk_66,/getmedia/91459354-dc7f-4cee-a6ba-5097a637631c/[PALLADIUM_3_1_B_4_66][MK][RZUT][Plan%20mieszkania]_l.jpg?width=276,2026-10-07,,warszawa|OSIEDLE PALLADIUM|B|B 66
warszawa,OSIEDLE PALLADIUM,B,,B 67,39.092,2 pokoje z aneksem,4 piętro,BALKON,,,False,/pl-pl/warszawa/mieszkanie?id=palladium_3_1_b_mk_67,/getmedia/7f814585-21ca-4d02-be52-65ece67b9533/[PALLADIUM_3_1_B_4_67][MK][RZUT][Plan%20mieszkania]_l.jpg?width=276,2026-10-07,,warszawa|OSIEDLE PALLADIUM|B|B 67
warszawa,OSIEDLE PALLADIUM,B,,B 68,38.762,2 pokoje z aneksem,4 piętro,LOGGIA,,,False,/pl-pl/warszawa/mieszkanie?id=palladium_3_1_b_mk_68,/getmedia/d6ca9260-f018-47cb-a663-08606d5e2c25/[PALLADIUM_3_1_B_4_68][MK][RZUT][Plan%20mieszkania]_l.jpg?width=276,2026-10-07,,warszawa|OSIEDLE PALLADIUM|B|B 68
warszawa,OSIEDLE PALLADIUM,B,,B 69,37.762,2 pokoje z aneksem,4 piętro,LOGGIA,,,False,/pl-pl/warszawa/mieszkanie?id=palladium_3_1_b_mk_69,/getmedia/aaa496e4-d54c-4306-b73e-746829a71dc1/[PALLADIUM_3_1_B_4_69][MK][RZUT][Plan%20mieszkania]_l.jpg?width=276,2026-10-07,,warszawa|OSIEDLE PALLADIUM|B|B 69
warszawa,OSIEDLE PALLADIUM,B,,B 70,37.762,2 pokoje z aneksem,4 piętro,LOGGIA,,,False,/pl-pl/warszawa/mieszkanie?id=palladium_3_1_b_mk_70,/getmedia/7e432c63-8d5e-4e63-bfa7-b95f96a34883/[PALLADIUM_3_1_B_4_70][MK][RZUT][Plan%20mieszkania]_l.jpg?width=276,2026-10-07,,warszawa|OSIEDLE PALLADIUM|B|B 70
warszawa,OSIEDLE PALLADIUM,B,,B 71,37.762,2 pokoje z aneksem,4 piętro,LOGGIA,,,False,/pl-pl/warszawa/mieszkanie?id=palladium_3_1_b_mk_71,/getmedia/fefa84e7-9b51-4a09-81c7-cbeadd5ba278/[PALLADIUM_3_1_B_4_71][MK][RZUT][Plan%20mieszkania]_l.jpg?width=276,2026-10-07,,warszawa|OSIEDLE PALLADIUM|B|B 71
warszawa,OSIEDLE PALLADIUM,B,,B 72,37.622,2 pokoje z aneksem,4 piętro,LOGGIA,,,False,/pl-pl/warszawa/mieszkanie?id=palladium_3_1_b_mk_72,/getmedia/e8838bf0-ca8a-405b-b48b-c3b55c18c27d/[PALLADIUM_3_1_B_4_72][MK][RZUT][Plan%20mieszkania]_l.jpg?width=276,2026-10-07,,warszawa|OSIEDLE PALLADIUM|B|B 72
warszawa,OSIEDLE PALLADIUM,B,,B 73,56.562,3 pokoje z aneksem,4 piętro,LOGGIA,,,False,/pl-pl/warszawa/mieszkanie?id=palladium_3_1_b_mk_73,/getmedia/6193485c-40d2-4466-accc-67d55c0adbe5/[PALLADIUM_3_1_B_4_73][MK][RZUT][Plan%20mieszkania]_l.jpg?width=276,2026-10-07,,warszawa|OSIEDLE PALLADIUM|B|B 73
warszawa,OSIEDLE PALLADIUM,B,,B 74,54.442,3 pokoje z aneksem,4 piętro,BALKON,,,False,/pl-pl/warszawa/mieszkanie?id=palladium_3_1_b_mk_74,/getmedia/9a247481-bdbd-4817-bb73-f931995aae47/[PALLADIUM_3_1_B_4_74][MK][RZUT][Plan%20mieszkania]_l.jpg?width=276,2026-10-07,,warszawa|OSIEDLE PALLADIUM|B|B 74
warszawa,OSIEDLE PALLADIUM,B,,B 75,54.972,3 pokoje z aneksem,5 piętro,BALKON,,,False,/pl-pl/warszawa/mieszkanie?id=palladium_3_1_b_mk_75,/getmedia/03bf041f-d5c9-4a65-9263-f6d007184f73/[PALLADIUM_3_1_B_5_75][MK][RZUT][Plan%20mieszkania]_l.jpg?width=276,2026-10-07,,warszawa|OSIEDLE PALLADIUM|B|B 75
warszawa,OSIEDLE PALLADIUM,B,,B 76,39.082,2 pokoje z aneksem,5 piętro,BALKON,,,False,/pl-pl/warszawa/mieszkanie?id=palladium_3_1_b_mk_76,/getmedia/b2f25784-f8e1-4992-b467-bd6c209ddfb7/[PALLADIUM_3_1_B_5_76][MK][RZUT][Plan%20mieszkania]_l.jpg?width=276,2026-10-07,,warszawa|OSIEDLE PALLADIUM|B|B 76
warszawa,OSIEDLE PALLADIUM,B,,B 77,38.762,2 pokoje z aneksem,5 piętro,LOGGIA,,,False,/pl-pl/warszawa/mieszkanie?id=palladium_3_1_b_mk_77,/getmedia/f77b5afe-5d83-41d6-ae56-eee43b26bb95/[PALLADIUM_3_1_B_5_77][MK][RZUT][Plan%20mieszkania]_l.jpg?width=276,2026-10-07,,warszawa|OSIEDLE PALLADIUM|B|B 77
warszawa,OSIEDLE PALLADIUM,B,,B 78,37.762,2 pokoje z aneksem,5 piętro,LOGGIA,,,False,/pl-pl/warszawa/mieszkanie?id=palladium_3_1_b_mk_78,/getmedia/8505da48-e059-4990-8184-33c8c38d27c3/[PALLADIUM_3_1_B_5_78][MK][RZUT][Plan%20mieszkania]_l.jpg?width=276,2026-10-07,,warszawa|OSIEDLE PALLADIUM|B|B 78
warszawa,OSIEDLE PALLADIUM,B,,B 79,37.762,2 pokoje z aneksem,5 piętro,LOGGIA,,,False,/pl-pl/warszawa/mieszkanie?id=palladium_3_1_b_mk_79,/getmedia/be95e327-7009-4d84-9906-3d1464dd547f/[PALLADIUM_3_1_B_5_79][MK][RZUT][Plan%20mieszkania]_l.jpg?width=276,2026-10-07,,warszawa|OSIEDLE PALLADIUM|B|B 79
warszawa,OSIEDLE PALLADIUM,B,,B 80,37.762,2 pokoje z aneksem,5 piętro,LOGGIA,,,False,/pl-pl/warszawa/mieszkanie?id=palladium_3_1_b_mk_80,/getmedia/24862621-4533-4472-bec9-eea7f123a9b5/[PALLADIUM_3_1_B_5_80][MK][RZUT][Plan%20mieszkania]_l.jpg?width=276,2026-10-07,,warszawa|OSIEDLE PALLADIUM|B|B 80
warszawa,OSIEDLE PALLADIUM,B,,B 81,37.622,2 pokoje z aneksem,5 piętro,LOGGIA,,,False,/pl-pl/warszawa/mieszkanie?id=palladium_3_1_b_mk_81,/getmedia/4cbb64dc-e567-4c09-b459-4da6e4ab41f2/[PALLADIUM_3_1_B_5_81][MK][RZUT][Plan%20mieszkania]_l.jpg?width=276,2026-10-07,,warszawa|OSIEDLE PALLADIUM|B|B 81
warszawa,OSIEDLE PALLADIUM,B,,B 82,56.562,3 pokoje z aneksem,5 piętro,LOGGIA,,,False,/pl-pl/warszawa/mieszkanie?id=palladium_3_1_b_mk_82,/getmedia/06ce9387-99bd-47f6-b173-f5cc3c892a29/[PALLADIUM_3_1_B_5_82][MK][RZUT][Plan%20mieszkania]_l.jpg?width=276,2026-10-07,,warszawa|OSIEDLE PALLADIUM|B|B 82
warszawa,OSIEDLE PALLADIUM,B,,B 83,54.442,3 pokoje z aneksem,5 piętro,BALKON,,,False,/pl-pl/warszawa/mieszkanie?id=palladium_3_1_b_mk_83,/getmedia/2b5891bb-284d-4b59-af28-8393a1d56758/[PALLADIUM_3_1_B_5_83][MK][RZUT][Plan%20mieszkania]_l.jpg?width=276,2026-10-07,,warszawa|OSIEDLE PALLADIUM|B|B 83
warszawa,OSIEDLE PALLADIUM,B,,B 84,54.972,3 pokoje z aneksem,6 piętro,BALKON,,,False,/pl-pl/warszawa/mieszkanie?id=palladium_3_1_b_mk_84,/getmedia/ba2d7af7-2e15-4e20-b9ec-04f4babd8fc2/[PALLADIUM_3_1_B_6_84][MK][RZUT][Plan%20mieszkania]_l.jpg?width=276,2026-10-07,,warszawa|OSIEDLE PALLADIUM|B|B 84
warszawa,OSIEDLE PALLADIUM,B,,B 85,39.082,2 pokoje z aneksem,6 piętro,BALKON,,,False,/pl-pl/warszawa/mieszkanie?id=palladium_3_1_b_mk_85,/getmedia/1c0dc7c9-e442-41a7-b0a5-509c153ff551/[PALLADIUM_3_1_B_6_85][MK][RZUT][Plan%20mieszkania]_l.jpg?width=276,2026-10-07,,warszawa|OSIEDLE PALLADIUM|B|B 85
warszawa,OSIEDLE PALLADIUM,B,,B 86,38.762,2 pokoje z aneksem,6 piętro,LOGGIA,,,False,/pl-pl/warszawa/mieszkanie?id=palladium_3_1_b_mk_86,/getmedia/7c291ec4-14cd-45ba-b9ea-49ded3be7164/[PALLADIUM_3_1_B_6_86][MK][RZUT][Plan%20mieszkania]_l.jpg?width=276,2026-10-07,,warszawa|OSIEDLE PALLADIUM|B|B 86
warszawa,OSIEDLE PALLADIUM,B,,B 87,37.762,2 pokoje z aneksem,6 piętro,LOGGIA,,,False,/pl-pl/warszawa/mieszkanie?id=palladium_3_1_b_mk_87,/getmedia/b9873d9f-e1e6-4dd9-b5cc-32c24e9cf99e/[PALLADIUM_3_1_B_6_87][MK][RZUT][Plan%20mieszkania]_l.jpg?width=276,2026-10-07,,warszawa|OSIEDLE PALLADIUM|B|B 87
warszawa,OSIEDLE PALLADIUM,B,,B 88,37.762,2 pokoje z aneksem,6 piętro,LOGGIA,,,False,/pl-pl/warszawa/mieszkanie?id=palladium_3_1_b_mk_88,/getmedia/9fb0a46b-0a58-4487-8c0f-261cabc09c96/[PALLADIUM_3_1_B_6_88][MK][RZUT][Plan%20mieszkania]_l.jpg?width=276,2026-10-07,,warszawa|OSIEDLE PALLADIUM|B|B 88
warszawa,OSIEDLE PALLADIUM,B,,B 89,37.762,2 pokoje z aneksem,6 piętro,LOGGIA,,,False,/pl-pl/warszawa/mieszkanie?id=palladium_3_1_b_mk_89,/getmedia/46258b85-0844-4a06-8f79-26b757b4b6a0/[PALLADIUM_3_1_B_6_89][MK][RZUT][Plan%20mieszkania]_l.jpg?width=276,2026-10-07,,warszawa|OSIEDLE PALLADIUM|B|B 89
warszawa,OSIEDLE PALLADIUM,B,,B 90,37.622,2 pokoje z aneksem,6 piętro,LOGGIA,,,False,/pl-pl/warszawa/mieszkanie?id=palladium_3_1_b_mk_90,/getmedia/86fd5841-deb1-4d74-b92c-05771fbc29f7/[PALLADIUM_3_1_B_6_90][MK][RZUT][Plan%20mieszkania]_l.jpg?width=276,2026-10-07,,warszawa|OSIEDLE PALLADIUM|B|B 90
warszawa,OSIEDLE PALLADIUM,B,,B 91,56.342,3 pokoje z aneksem,6 piętro,LOGGIA,,,False,/pl-pl/warszawa/mieszkanie?id=palladium_3_1_b_mk_91,/getmedia/753fbb62-e7d2-4c80-a039-58542bea8a29/[PALLADIUM_3_1_B_6_91][MK][RZUT][Plan%20mieszkania]_l.jpg?width=276,2026-10-07,,warszawa|OSIEDLE PALLADIUM|B|B 91
warszawa,OSIEDLE PALLADIUM,B,,B 92,54.442,3 pokoje z aneksem,6 piętro,BALKON,,,False,/pl-pl/warszawa/mieszkanie?id=palladium_3_1_b_mk_92,/getmedia/de6335bb-d4bd-464a-90a3-f2d363a210a3/[PALLADIUM_3_1_B_6_92][MK][RZUT][Plan%20mieszkania]_l.jpg?width=276,2026-10-07,,warszawa|OSIEDLE PALLADIUM|B|B 92
warszawa,OSIEDLE PALLADIUM,B,,B 93,54.972,3 pokoje z aneksem,7 piętro,BALKON,,,False,/pl-pl/warszawa/mieszkanie?id=palladium_3_1_b_mk_93,/getmedia/c3ac2aa2-bb9e-4179-bab2-9201d33cf7b4/[PALLADIUM_3_1_B_7_93][MK][RZUT][Plan%20mieszkania]_l.jpg?width=276,2026-10-07,,warszawa|OSIEDLE PALLADIUM|B|B 93
warszawa,OSIEDLE PALLADIUM,B,,B 94,39.032,2 pokoje z aneksem,7 piętro,BALKON,,,False,/pl-pl/warszawa/mieszkanie?id=palladium_3_1_b_mk_94,/getmedia/c75d71df-70ad-43e5-a4b8-45e767f9d914/[PALLADIUM_3_1_B_7_94][MK][RZUT][Plan%20mieszkania]_l.jpg?width=276,2026-10-07,,warszawa|OSIEDLE PALLADIUM|B|B 94
warszawa,OSIEDLE PALLADIUM,B,,B 95,38.752,2 pokoje z aneksem,7 piętro,LOGGIA,,,False,/pl-pl/warszawa/mieszkanie?id=palladium_3_1_b_mk_95,/getmedia/7b284453-fb89-4acb-90bb-5a27cbadbc0c/[PALLADIUM_3_1_B_7_95][MK][RZUT][Plan%20mieszkania]_l.jpg?width=276,2026-10-07,,warszawa|OSIEDLE PALLADIUM|B|B 95
warszawa,OSIEDLE PALLADIUM,B,,B 96,37.762,2 pokoje z aneksem,7 piętro,LOGGIA,,,False,/pl-pl/warszawa/mieszkanie?id=palladium_3_1_b_mk_96,/getmedia/685e7c8f-fa03-4f90-8f83-207263750f2e/[PALLADIUM_3_1_B_7_96][MK][RZUT][Plan%20mieszkania]_l.jpg?width=276,2026-10-07,,warszawa|OSIEDLE PALLADIUM|B|B 96
warszawa,OSIEDLE PALLADIUM,B,,B 97,37.762,2 pokoje z aneksem,7 piętro,LOGGIA,,,False,/pl-pl/warszawa/mieszkanie?id=palladium_3_1_b_mk_97,/getmedia/6d54ddfa-d2d8-449f-9224-fb34f5beb80a/[PALLADIUM_3_1_B_7_97][MK][RZUT][Plan%20mieszkania]_l.jpg?width=276,2026-10-07,,warszawa|OSIEDLE PALLADIUM|B|B 97
warszawa,OSIEDLE PALLADIUM,B,,B 98,37.762,2 pokoje z aneksem,7 piętro,LOGGIA,,,False,/pl-pl/warszawa/mieszkanie?id=palladium_3_1_b_mk_98,/getmedia/2ed065f2-7a76-49e2-82b7-58e875c106e3/[PALLADIUM_3_1_B_7_98][MK][RZUT][Plan%20mieszkania]_l.jpg?width=276,2026-10-07,,warszawa|OSIEDLE PALLADIUM|B|B 98
wroclaw,OSIEDLE RAPSODIA,D,,D 8,42.592,2 pokoje z aneksem,1 piętro,BALKON,,,False,/pl-pl/wroclaw/mieszkanie?id=osiedle rapsodia_2_1_d_mk_8,/getmedia/6e2f3d96-ada9-42eb-b04b-be4c444cfa8e/OSIEDLE%20RAPSODIA_2_1_D_MK_8_Rzut%203D_1.jpg?width=276,2026-10-08,,wroclaw|OSIEDLE RAPSODIA|D|D 8
wroclaw,OSOBOWICKA 114,B,,B 32,51.532,3 pokoje z aneksem,1 piętro,,,,False,/pl-pl/wroclaw/mieszkanie?id=osobowicka 114_1_1_b_mk_32,/getmedia/7c4f798f-854f-4ba7-b761-a41d444761cf/OSOBOWICKA%20114_1_1_B_MK_32_Rzut%203D_1.jpg?width=276,2026-10-08,,wroclaw|OSOBOWICKA 114|B|B 32
warszawa,APARTAMENTY GRZYBOWSKA 11,A,,A 89,38.372,2 pokoje z aneksem,4 piętro,LOGGIA,,,False,/pl-pl/warszawa/mieszkanie?id=apartamenty grzybowska 11_1_1_a_mk_89,/getmedia/38cc87c5-4796-4373-a9d1-9dc3fde5b887/APARTAMENTY%20GRZYBOWSKA%2011_1_1_A_MK_89_Rzut%203D_1.jpg?width=276,2026-10-08,,warszawa|APARTAMENTY GRZYBOWSKA 11|A|A 89
warszawa,APARTAMENTY METRO WILANOWSKA,A,,A 134,40.792,2 pokoje z aneksem,5 piętro,LOGGIA,,,False,/pl-pl/warszawa/mieszkanie?id=apartamenty metro wilanowska_1_1_a_mk_134,/getmedia/25d0e96e-da6c-403f-ab2b-f449e994a852/APARTAMENTY%20METRO%20WILANOWSKA_1_1_A_MK_134_Rzut%203D_1.jpg?width=276,2026-10-08,,warszawa|APARTAMENTY METRO WILANOWSKA|A|A 134
warszawa,APARTAMENTY RUDNICKIEGO,C,,C 1,52.292,3 pokoje z aneksem,Parter,,,,False,/pl-pl/warszawa/mieszkanie?id=apartamenty rudnickiego_3_1_c_mk_1,/getmedia/e58bac60-939b-4b1e-a22a-ce703c524ea9/[APARTAMENTY%20RUDNICKIEGO_3_1_C_0_1][MK][RZUT][Plan%20mieszkania]_l.jpg?width=276,2026-10-08,,warszawa|APARTAMENTY RUDNICKIEGO|C|C 1
warszawa,MOKOTÓW SPORTOWY,B,,B 30,35.272,2 pokoje z aneksem,1 piętro,BALKON,,,False,/pl-pl/warszawa/mieszkanie?id=mokotow sportowy_1_3_b_mk_30,/getmedia/4094d17b-aaa1-4790-94ad-d2a7d594557b/[MOKOT%c3%93W%20SPORTOWY_1_3_B_1_30][MK][RZUT][Plan%20mieszkania]_l.jpg?width=276,2026-10-08,,warszawa|MOKOTÓW SPORTOWY|B|B 30
warszawa,OSIEDLE BOKSERSKA 71,D,,D 66,45.752,2 pokoje z aneksem,Parter,BALKON,,,False,/pl-pl/warszawa/mieszkanie?id=bokserska 71_2_3_d_mk_66,/getmedia/a76f7e7f-0c85-4904-a8a5-18bf567af439/BOKSERSKA%2071_2_3_D_MK_66_Rzut%203D_1.jpg?width=276,2026-10-08,,warszawa|OSIEDLE BOKSERSKA 71|D|D 66
warszawa,OSIEDLE MYŚLIBORSKA,B,,B 7,54.152,3 pokoje z aneksem,1 piętro,BALKON,139002.0,146502.0,True,/pl-pl/warszawa/mieszkanie?id=mysliborska 27_1_1_b_mk_7,/getmedia/d816d3ad-133b-47cd-a02a-67a49afd0978/MY%c5%9aLIBORSKA%2027_1_1_B_MK_7_Rzut%203D_1.jpg?width=276,2026-10-08,7527236.304,warszawa|OSIEDLE MYŚLIBORSKA|B|B 7
warszawa,OSIEDLE MYŚLIBORSKA,A,,A 1,74.202,4 pokoje z aneksem,Parter,,,,False,/pl-pl/warszawa/mieszkanie?id=mysliborska 27_1_1_a_mk_1,/getmedia/46d83410-4196-4dfe-809f-a058ab7d0369/MY%c5%9aLIBORSKA%2027_1_1_A_MK_1_Rzut%203D_1.jpg?width=276,2026-10-08,,warszawa|OSIEDLE MYŚLIBORSKA|A|A 1
warszawa,OSIEDLE MYŚLIBORSKA,A,,A 10,37.212,2 pokoje z aneksem,1 piętro,,,,False,/pl-pl/warszawa/mieszkanie?id=mysliborska 27_1_1_a_mk_10,/getmedia/dff7d8e4-a0c3-49b2-aaaf-60208b19a685/MY%c5%9aLIBORSKA%2027_1_1_A_MK_10_Rzut%203D_1.jpg?width=276,2026-10-08,,warszawa|OSIEDLE MYŚLIBORSKA|A|A 10
warszawa,OSIEDLE MYŚLIBORSKA,B,,B 85,57.462,3 pokoje z aneksem,1 piętro,BALKON,,,False,/pl-pl/warszawa/mieszkanie?id=mysliborska 27_1_1_b_mk_85,/getmedia/22c72cd1-ca0c-4e6b-887c-810e1f364888/MY%c5%9aLIBORSKA%2027_1_1_B_MK_85_Rzut%203D_1.jpg?width=276,2026-10-08,,warszawa|OSIEDLE MYŚLIBORSKA|B|B 85
warszawa,OSIEDLE PALLADIUM,A,,A 1,57.492,3 pokoje z aneksem,1 piętro,LOGGIA,,,False,/pl-pl/warszawa/mieszkanie?id=palladium_3_1_a_mk_1,/getmedia/732e0ed4-89b8-4f16-a21a-63602b88ce3b/[PALLADIUM_3_1_A_1_1][MK][RZUT][Plan%20mieszkania]_l.jpg?width=276,2026-10-08,,warszawa|OSIEDLE PALLADIUM|A|A 1
trojmiasto,WARSZAWSKA,C,,C 4,39.872,2 pokoje z aneksem,Parter,,,,False,/pl-pl/trojmiasto/mieszkanie?id=warszawska_1_2_c_mk_4,/getmedia/55986f93-f98a-42af-baa9-a4d026263756/WARSZAWSKA_1_2_C_MK_4_Rzut%203D_1.png?width=276,2026-10-08,,trojmiasto|WARSZAWSKA|C|C 4
trojmiasto,WARSZAWSKA,C,,C 5,39.052,2 pokoje z aneksem,Parter,,,,False,/pl-pl/trojmiasto/mieszkanie?id=warszawska_1_2_c_mk_5,/getmedia/31c63666-fc72-4b24-a3c6-d046777bada7/WARSZAWSKA_1_2_C_MK_5_Rzut%203D_1.png?width=276,2026-10-08,,trojmiasto|WARSZAWSKA|C|C 5
trojmiasto,WARSZAWSKA,C,,C 11,47.772,3 pokoje z aneksem,1 piętro,BALKON,,,False,/pl-pl/trojmiasto/mieszkanie?id=warszawska_1_2_c_mk_11,/getmedia/7e5165c1-2ca6-4b92-96c8-41bd10adb90b/WARSZAWSKA_1_2_C_MK_11_Rzut%203D_1.png?width=276,2026-10-08,,trojmiasto|WARSZAWSKA|C|C 11
trojmiasto,WARSZAWSKA,C,,C 15,61.102,3 pokoje z aneksem,1 piętro,BALKON,,,False,/pl-pl/trojmiasto/mieszkanie?id=warszawska_1_2_c_mk_15,/getmedia/bd43a0fd-2b6c-480d-a46b-12569673f83a/WARSZAWSKA_1_2_C_MK_15_Rzut%203D_1.png?width=276,2026-10-08,,trojmiasto|WARSZAWSKA|C|C 15
trojmiasto,WARSZAWSKA,C,,C 19,47.492,3 pokoje z aneksem,2 piętro,BALKON,,,False,/pl-pl/trojmiasto/mieszkanie?id=warszawska_1_2_c_mk_19,/getmedia/37426024-b478-497f-ae16-0ad1ec76b7b0/WARSZAWSKA_1_2_C_MK_19_Rzut%203D_1.png?width=276,2026-10-08,,trojmiasto|WARSZAWSKA|C|C 19
trojmiasto,WARSZAWSKA,C,,C 23,61.102,3 pokoje z aneksem,2 piętro,BALKON,,,False,/pl-pl/trojmiasto/mieszkanie?id=warszawska_1_2_c_mk_23,/getmedia/467c10af-43c8-49b3-a9ef-c3516c1f2e16/WARSZAWSKA_1_2_C_MK_23_Rzut%203D_1.png?width=276,2026-10-08,,trojmiasto|WARSZAWSKA|C|C 23
trojmiasto,WARSZAWSKA,C,,C 27,47.502,3 pokoje z aneksem,3 piętro,BALKON,,,False,/pl-pl/trojmiasto/mieszkanie?id=warszawska_1_2_c_mk_27,/getmedia/ab26ee37-cc2f-46a9-97e4-97c59a183da8/WARSZAWSKA_1_2_C_MK_27_Rzut%203D_1.png?width=276,2026-10-08,,trojmiasto|WARSZAWSKA|C|C 27
trojmiasto,WARSZAWSKA,C,,C 43,48.232,3 pokoje z aneksem,5 piętro,BALKON,,,False,/pl-pl/trojmiasto/mieszkanie?id=warszawska_1_2_c_mk_43,/getmedia/55344bdd-d4a5-4871-a567-12d87398b914/WARSZAWSKA_1_2_C_MK_43_Rzut%203D_1.png?width=276,2026-10-08,,trojmiasto|WARSZAWSKA|C|C 43
trojmiasto,WARSZAWSKA,D,,D 1,39.012,2 pokoje z aneksem,Parter,,,,False,/pl-pl/trojmiasto/mieszkanie?id=warszawska_1_2_d_mk_1,/getmedia/57889c94-4550-4bc7-b04a-0333d3526d8c/WARSZAWSKA_1_2_D_MK_1_Rzut%203D_1.png?width=276,2026-10-08,,trojmiasto|WARSZAWSKA|D|D 1
trojmiasto,WARSZAWSKA,D,,D 5,39.132,2 pokoje z aneksem,Parter,,,,False,/pl-pl/trojmiasto/mieszkanie?id=warszawska_1_2_d_mk_5,/getmedia/2a671cc6-8914-4067-b438-98e78c043adf/WARSZAWSKA_1_2_D_MK_5_Rzut%203D_1.png?width=276,2026-10-08,,trojmiasto|WARSZAWSKA|D|D 5
trojmiasto,WARSZAWSKA,D,,D 8,38.882,2 pokoje z aneksem,Parter,,,,False,/pl-pl/trojmiasto/mieszkanie?id=warszawska_1_2_d_mk_8,/getmedia/74b54b13-71d1-41da-90dd-56058d51e7c5/WARSZAWSKA_1_2_D_MK_8_Rzut%203D_1.png?width=276,2026-10-08,,trojmiasto|WARSZAWSKA|D|D 8
trojmiasto,WARSZAWSKA,D,,D 11,47.982,3 pokoje z aneksem,1 piętro,BALKON,,,False,/pl-pl/trojmiasto/mieszkanie?id=warszawska_1_2_d_mk_11,/getmedia/803e1cb8-69ba-4743-bcf5-2c7ae8e00aac/WARSZAWSKA_1_2_D_MK_11_Rzut%203D_1.png?width=276,2026-10-08,,trojmiasto|WARSZAWSKA|D|D 11
trojmiasto,WARSZAWSKA,D,,D 15,61.112,3 pokoje z aneksem,1 piętro,BALKON,,,False,/pl-pl/trojmiasto/mieszkanie?id=warszawska_1_2_d_mk_15,/getmedia/35ecc81e-9f0d-4c8d-98ae-6df127145a68/WARSZAWSKA_1_2_D_MK_15_Rzut%203D_1.png?width=276,2026-10-08,,trojmiasto|WARSZAWSKA|D|D 15
trojmiasto,WARSZAWSKA,D,,D 19,47.702,3 pokoje z aneksem,2 piętro,BALKON,,,False,/pl-pl/trojmiasto/mieszkanie?id=warszawska_1_2_d_mk_19,/getmedia/157c4ecc-e0e1-45a2-8853-df79078f27bd/WARSZAWSKA_1_2_D_MK_19_Rzut%203D_1.png?width=276,2026-10-08,,trojmiasto|WARSZAWSKA|D|D 19
trojmiasto,WARSZAWSKA,D,,D 27,47.702,3 pokoje z aneksem,3 piętro,BALKON,,,False,/pl-pl/trojmiasto/mieszkanie?id=warszawska_1_2_d_mk_27,/getmedia/46fa4eb5-66f7-4517-af53-297dd77e2fcb/WARSZAWSKA_1_2_D_MK_27_Rzut%203D_1.png?width=276,2026-10-08,,trojmiasto|WARSZAWSKA|D|D 27
trojmiasto,WARSZAWSKA,D,,D 35,48.432,3 pokoje z aneksem,4 piętro,BALKON,,,False,/pl-pl/trojmiasto/mieszkanie?id=warszawska_1_2_d_mk_35,/getmedia/32da2939-0e68-4380-8226-b8411727aafb/WARSZAWSKA_1_2_D_MK_35_Rzut%203D_1.png?width=276,2026-10-08,,trojmiasto|WARSZAWSKA|D|D 35
trojmiasto,WARSZAWSKA,D,,D 43,48.432,3 pokoje z aneksem,5 piętro,BALKON,,,False,/pl-pl/trojmiasto/mieszkanie?id=warszawska_1_2_d_mk_43,/getmedia/6d2403d4-f392-4865-8f41-f0dd66da7bf2/WARSZAWSKA_1_2_D_MK_43_Rzut%203D_1.png?width=276,2026-10-08,,trojmiasto|WARSZAWSKA|D|D 43
wroclaw,HUBSKA 100,A,,A 101,41.102,2 pokoje z aneksem,6 piętro,LOGGIA,,,False,/pl-pl/wroclaw/mieszkanie?id=hubska 100_2_1_a_mk_101,/getmedia/378b1e47-e7d6-4691-a15e-40e0e91c1928/HUBSKA%20100_2_1_A_MK_101_Rzut%203D_1.jpg?width=276,2026-10-09,,wroclaw|HUBSKA 100|A|A 101
wroclaw,WILLE BISKUPIN,L,,L 3,52.012,2 pokoje z aneksem,Parter,,,,False,/pl-pl/wroclaw/mieszkanie?id=wille biskupin_1_2_l_mk_3,/getmedia/b4052430-737a-4907-a774-57d98e1a043e/WILLE%20BISKUPIN_1_2_L_MK_3_Rzut%203D_1.jpg?width=276,2026-10-09,,wroclaw|WILLE BISKUPIN|L|L 3
warszawa,OSIEDLE WILNO,D,,D 26,74.762,4 pokoje z aneksem,2 piętro,BALKON,,,False,/pl-pl/warszawa/mieszkanie?id=wilno 8_1_2_d_mk_26,/getmedia/7e12f4b6-c754-49f4-a2f5-7e82abc3124f/WILNO%208_1_2_D_MK_26_Rzut%203D_1.jpg?width=276,2026-10-09,,warszawa|OSIEDLE WILNO|D|D 26
trojmiasto,PRZYSTAŃ BRZEŹNO,B,,B 18,43.312,2 pokoje z aneksem,2 piętro,BALKON,,,False,/pl-pl/trojmiasto/mieszkanie?id=przystan brzezno_1_2_b_mk_18,/getmedia/d267e955-3ce2-4378-b96f-2717a1fcdfee/PRZYSTA%c5%83%20BRZE%c5%b9NO_1_2_B_MK_18_Rzut%203D_1.png?width=276,2026-10-09,,trojmiasto|PRZYSTAŃ BRZEŹNO|B|B 18
trojmiasto,PRZYSTAŃ BRZEŹNO,C,,C 36,37.902,2 pokoje z aneksem,2 piętro,BALKON,,,False,/pl-pl/trojmiasto/mieszkanie?id=przystan brzezno_1_2_c_mk_36,/getmedia/b05a1649-c66c-47ce-948c-cce4e40521f9/PRZYSTA%c5%83%20BRZE%c5%b9NO_1_2_C_MK_36_Rzut%203D_1.png?width=276,2026-10-09,,trojmiasto|PRZYSTAŃ BRZEŹNO|C|C 36
trojmiasto,PRZYSTAŃ BRZEŹNO,D,,D 1,40.452,2 pokoje z aneksem,Parter,,,,False,/pl-pl/trojmiasto/mieszkanie?id=przystan brzezno_1_2_d_mk_1,/getmedia/5696e1f8-88ce-47ec-8436-800999b84373/PRZYSTA%c5%83%20BRZE%c5%b9NO_1_2_D_MK_1_Rzut%203D_1.png?width=276,2026-10-09,,trojmiasto|PRZYSTAŃ BRZEŹNO|D|D 1
warszawa,APARTAMENTY BEETHOVENA,B,,B 39,57.522,3 pokoje z aneksem,2 piętro,BALKON,,,False,/pl-pl/warszawa/mieszkanie?id=apartamenty beethovena_1_1_b_mk_39,/getmedia/358e01e5-1337-4e47-9ff3-f9412fb4e238/APARTAMENTY%20BEETHOVENA_1_1_B_MK_39_Rzut%203D_1.jpg?width=276,2026-10-10,,warszawa|APARTAMENTY BEETHOVENA|B|B 39
warszawa,APARTAMENTY METRO WILANOWSKA,A,,A 20,58.512,3 pokoje z aneksem,2 piętro,LOGGIA,,,False,/pl-pl/warszawa/mieszkanie?id=apartamenty metro wilanowska_1_1_a_mk_20,/getmedia/abf2f573-efea-41ad-8f1a-aabd356d7d6e/APARTAMENTY%20METRO%20WILANOWSKA_1_1_A_MK_20_Rzut%203D_1.jpg?width=276,2026-10-10,,warszawa|APARTAMENTY METRO WILANOWSKA|A|A 20
warszawa,APARTAMENTY METRO WILANOWSKA,A,,A 32,58.512,3 pokoje z aneksem,3 piętro,LOGGIA,,,False,/pl-pl/warszawa/mieszkanie?id=apartamenty metro wilanowska_1_1_a_mk_32,/getmedia/8b8a1d30-3dbe-4702-9af3-b87402bc1971/APARTAMENTY%20METRO%20WILANOWSKA_1_1_A_MK_32_Rzut%203D_1.jpg?width=276,2026-10-10,,warszawa|APARTAMENTY METRO WILANOWSKA|A|A 32
